item_id,paper_item,location,printed,script,output_file,field,seeds,note
TXT-IV.3-01,Section IV.3 text,"Section IV.3 (data and semantic measurement), paragraph 2: “美国的语料数据始于2014年”",2014,scripts/01_sample_table2.py,results/table2_sample.json,ym_year(/by_country/US/all/first_ym),none (counts),year of the reported month
TXT-IV.3-02,Section IV.3 text,"Section IV.3 (data and semantic measurement), paragraph 2: “英国的数据始于2004年”",2004,scripts/01_sample_table2.py,results/table2_sample.json,ym_year(/by_country/UK/all/first_ym),none (counts),year of the reported month
TXT-IV.3-03,Section IV.3 text,"Section IV.3 (data and semantic measurement), paragraph 2: “澳大利亚的数据始于2017年”",2017,scripts/01_sample_table2.py,results/table2_sample.json,ym_year(/by_country/AU/all/first_ym),none (counts),year of the reported month
TXT-IV.3-04,Section IV.3 text,"Section IV.3 (data and semantic measurement), paragraph 2: “三国的数据均截止于2025年”",2025,scripts/01_sample_table2.py,results/table2_sample.json,ym_year(/total/last_ym),none (counts),year of the reported month
TXT-IV.3-05,Section IV.3 text,"Section IV.3 (data and semantic measurement), paragraph 2: “共计来源于11,459篇语料”","11,459",scripts/01_sample_table2.py,results/table2_sample.json,/total/documents,none (counts),
TXT-IV.3-06,Section IV.3 text,"Section IV.3 (data and semantic measurement), paragraph 2: “美国的文本来源约占53.8%”",53.8%,scripts/01_sample_table2.py,results/table2_sample.json,/by_country/US/all/share_of_occurrences,none (counts),
TXT-IV.3-07,Section IV.3 text,"Section IV.3 (data and semantic measurement), paragraph 2: “英国约占29.6%”",29.6%,scripts/01_sample_table2.py,results/table2_sample.json,/by_country/UK/all/share_of_occurrences,none (counts),
TXT-IV.3-08,Section IV.3 text,"Section IV.3 (data and semantic measurement), paragraph 2: “澳大利亚约占16.6%”",16.6%,scripts/01_sample_table2.py,results/table2_sample.json,/by_country/AU/all/share_of_occurrences,none (counts),
TXT-IV.3-09,Section IV.3 text,"Section IV.3 (data and semantic measurement), paragraph 2: “共识别出37,866个该概念出现的观测点”","37,866",scripts/01_sample_table2.py,results/table2_sample.json,/total/occurrences,none (counts),
TXT-IV.3-10,Section IV.3 text,"Section IV.3 (data and semantic measurement), paragraph 3: “AUKUS 协定签署（2021年9月）前后期”",2021年9月,scripts/01_sample_table2.py,results/table2_sample.json,/by_period/post/first_ym,none (counts),first month of the post-signing period
TXT-IV.3-11,Section IV.3 text,"Section IV.3 (data and semantic measurement), paragraph 7: “基于37,866个概念词语出现点”","37,866",scripts/01_sample_table2.py,results/table2_sample.json,/total/occurrences,none (counts),
TXT-IV.3-12,Section IV.3 text,"Section IV.3 (data and semantic measurement), paragraph 7: “出现点和11,459篇语料”","11,459",scripts/01_sample_table2.py,results/table2_sample.json,/total/documents,none (counts),
TXT-IV.4-01,Section IV.4 text,"Section IV.4 (empirical strategy and inference), paragraph 2: “本文使用88个主成分”",88,scripts/03_h2_did_tables4_6_fig3.py,results/h2/meta.json,/n_pc,none (deterministic),
TXT-IV.4-02,Section IV.4 text,"Section IV.4 (empirical strategy and inference), paragraph 2: “保留约99%的方差”",99%,scripts/02_h1_manova_table3.py,results/h1/deberta-v3-base/h1.json,/cumulative_variance_88,none (deterministic),
TXT-IV.4-03,Section IV.4 text,"Section IV.4 (empirical strategy and inference), paragraph 3: “全时段数据（N=37,866）”","37,866",scripts/03_h2_did_tables4_6_fig3.py,results/h2/wcb.json,/n_samples,"none for the point estimate; WCB_SEED_BASE (42/43/44 by PC), WCB_DRAWS for SE, p and intervals",
TXT-IV.4-04,Section IV.4 text,"Section IV.4 (empirical strategy and inference), paragraph 3: “签署月份（2021年9月）作为时间断点”",2021年9月,scripts/01_sample_table2.py,results/table2_sample.json,/by_period/post/first_ym,none (counts),first month of the post-signing period
TXT-IV.4-05,Section IV.4 text,"Section IV.4 (empirical strategy and inference), paragraph 4: “（t = year − 2014）”",2014,(parameter),code/replication/params.py,wcb.trend_origin_year,none,"setting stated in the original manuscript, checked against its value in the package"
TXT-IV.4-06,Section IV.4 text,"Section IV.4 (empirical strategy and inference), paragraph 5: “进行1,000次重抽样”","1,000",scripts/03_h2_did_tables4_6_fig3.py,results/h2/wcb.json,/n_bootstrap,"WCB_SEED_BASE (42/43/44 by PC), WCB_DRAWS (code/replication/seeds.py)",
TXT-V.1-01,Section V.1 text,"Section V.1 (descriptive statistics of the corpus), paragraph 1: “共提取出了37,866次”","37,866",scripts/01_sample_table2.py,results/table2_sample.json,/total/occurrences,none (counts),
TXT-V.1-02,Section V.1 text,"Section V.1 (descriptive statistics of the corpus), paragraph 1: “美国的观测量占比53.8%”",53.8%,scripts/01_sample_table2.py,results/table2_sample.json,/by_country/US/all/share_of_occurrences,none (counts),
TXT-V.1-03,Section V.1 text,"Section V.1 (descriptive statistics of the corpus), paragraph 1: “英国的观测量占比为29.6%”",29.6%,scripts/01_sample_table2.py,results/table2_sample.json,/by_country/UK/all/share_of_occurrences,none (counts),
TXT-V.1-04,Section V.1 text,"Section V.1 (descriptive statistics of the corpus), paragraph 1: “澳大利亚的观测量占比为16.6%”",16.6%,scripts/01_sample_table2.py,results/table2_sample.json,/by_country/AU/all/share_of_occurrences,none (counts),
TXT-V.2-01,Section V.2 text,"Section V.2 (baseline difference, H1), paragraph 1: “（美国始于2014年”",2014,scripts/01_sample_table2.py,results/table2_sample.json,ym_year(/by_country/US/all/first_ym),none (counts),year of the reported month
TXT-V.2-02,Section V.2 text,"Section V.2 (baseline difference, H1), paragraph 1: “英国始于2004年）”",2004,scripts/01_sample_table2.py,results/table2_sample.json,ym_year(/by_country/UK/all/first_ym),none (counts),year of the reported month
TXT-V.2-03,Section V.2 text,"Section V.2 (baseline difference, H1), paragraph 1: “英国2004-2013年”",2004,scripts/01_sample_table2.py,results/table2_sample.json,ym_year(/by_country/UK/all/first_ym),none (counts),year of the reported month
TXT-V.2-04,Section V.2 text,"Section V.2 (baseline difference, H1), paragraph 1: “2004-2013年的数据”",2013,scripts/01_sample_table2.py,results/table2_sample.json,"int(v('table2_sample.json', '/by_country/US/all/first_ym')[:4]) - 1",none (counts),last year before the US data begin
TXT-V.2-05,Section V.2 text,"Section V.2 (baseline difference, H1), paragraph 1: “均有覆盖的2014年至2021年8月”",2014,scripts/01_sample_table2.py,results/table2_sample.json,ym_year(/by_country/US/pre/first_ym),none (counts),year of the reported month
TXT-V.2-06,Section V.2 text,"Section V.2 (baseline difference, H1), paragraph 1: “2014年至2021年8月”",2021年8月,scripts/01_sample_table2.py,results/table2_sample.json,/by_period/pre/last_ym,none (counts),last month of the pre-signing period
TXT-V.2-07,Section V.2 text,"Section V.2 (baseline difference, H1), paragraph 2: “F=58.60, p<0.001”",58.60,scripts/02_h1_manova_table3.py,results/h1/deberta-v3-base/manova.json,/results/8/F,none (deterministic),
TXT-V.2-08,Section V.2 text,"Section V.2 (baseline difference, H1), paragraph 2: “p<0.001, N=17,601”",<0.001,scripts/02_h1_manova_table3.py,results/h1/deberta-v3-base/manova.json,/results/8/p,none (deterministic),
TXT-V.2-09,Section V.2 text,"Section V.2 (baseline difference, H1), paragraph 2: “N=17,601”","17,601",scripts/02_h1_manova_table3.py,results/h1/deberta-v3-base/manova.json,/results/8/n,none (deterministic),
TXT-V.2-10,Section V.2 text,"Section V.2 (baseline difference, H1), paragraph 2: “F值介于36.28与”",36.28,scripts/02_h1_manova_table3.py,results/h1/<each alternative encoder>/h1.json,"min(v(f'h1/{e}/h1.json', '/test6_k88/F') for e in ALTERNATIVES)",none (deterministic),smallest of the four alternative-encoder F statistics
TXT-V.2-11,Section V.2 text,"Section V.2 (baseline difference, H1), paragraph 2: “36.28与43.24之间”",43.24,scripts/02_h1_manova_table3.py,results/h1/<each alternative encoder>/h1.json,"max(v(f'h1/{e}/h1.json', '/test6_k88/F') for e in ALTERNATIVES)",none (deterministic),largest of the four alternative-encoder F statistics
TXT-V.2-12,Section V.2 text,"Section V.2 (baseline difference, H1), paragraph 2: “各检验p<0.001”",<0.001,scripts/02_h1_manova_table3.py,results/h1/<each alternative encoder>/h1.json,"max(v(f'h1/{e}/h1.json', '/test6_k88/p') for e in ALTERNATIVES)",none (deterministic),largest of the four alternative-encoder p values
TXT-V.3-01,Section V.3 text,"Section V.3 (effect of the signing, H2), paragraph 1: “以 AUKUS 签署月份（2021年9月）为时间断点”",2021年9月,scripts/01_sample_table2.py,results/table2_sample.json,/by_period/post/first_ym,none (counts),first month of the post-signing period
TXT-V.3-02,Section V.3 text,"Section V.3 (effect of the signing, H2), paragraph 2: “PC1（βtime=-0.0064”",-0.0064,scripts/03_h2_did_tables4_6_fig3.py,results/h2/wcb.json,/comparison/PC1/time/coef,"none for the point estimate; WCB_SEED_BASE (42/43/44 by PC), WCB_DRAWS for SE, p and intervals",
TXT-V.3-03,Section V.3 text,"Section V.3 (effect of the signing, H2), paragraph 2: “βtime=-0.0064, p<0.001”",<0.001,scripts/03_h2_did_tables4_6_fig3.py,results/h2/wcb.json,/comparison/PC1/time/p_bootstrap,"WCB_SEED_BASE (42/43/44 by PC), WCB_DRAWS (code/replication/seeds.py)",
TXT-V.3-04,Section V.3 text,"Section V.3 (effect of the signing, H2), paragraph 2: “PC3（βtime=-0.0083”",-0.0083,scripts/03_h2_did_tables4_6_fig3.py,results/h2/wcb.json,/comparison/PC3/time/coef,"none for the point estimate; WCB_SEED_BASE (42/43/44 by PC), WCB_DRAWS for SE, p and intervals",
TXT-V.3-05,Section V.3 text,"Section V.3 (effect of the signing, H2), paragraph 2: “（βtime=-0.0083, p<0.001）维度”",<0.001,scripts/03_h2_did_tables4_6_fig3.py,results/h2/wcb.json,/comparison/PC3/time/p_bootstrap,"WCB_SEED_BASE (42/43/44 by PC), WCB_DRAWS (code/replication/seeds.py)",
TXT-V.3-06,Section V.3 text,"Section V.3 (effect of the signing, H2), paragraph 2: “（p=0.171和”",0.171,scripts/03_h2_did_tables4_6_fig3.py,results/h2/wcb.json,/comparison/PC1/post_aukus/p_bootstrap,"WCB_SEED_BASE (42/43/44 by PC), WCB_DRAWS (code/replication/seeds.py)",
TXT-V.3-07,Section V.3 text,"Section V.3 (effect of the signing, H2), paragraph 2: “和p=0.811）”",0.811,scripts/03_h2_did_tables4_6_fig3.py,results/h2/wcb.json,/comparison/PC2/post_aukus/p_bootstrap,"WCB_SEED_BASE (42/43/44 by PC), WCB_DRAWS (code/replication/seeds.py)",
TXT-V.3-08,Section V.3 text,"Section V.3 (effect of the signing, H2), paragraph 2: “β_post=0.0516”",0.0516,scripts/03_h2_did_tables4_6_fig3.py,results/h2/wcb.json,/comparison/PC3/post_aukus/coef,"WCB_SEED_BASE (42/43/44 by PC), WCB_DRAWS (code/replication/seeds.py)",
TXT-V.3-09,Section V.3 text,"Section V.3 (effect of the signing, H2), paragraph 2: “β_post=0.0516, p<0.001”",<0.001,scripts/03_h2_did_tables4_6_fig3.py,results/h2/wcb.json,/comparison/PC3/post_aukus/p_bootstrap,"WCB_SEED_BASE (42/43/44 by PC), WCB_DRAWS (code/replication/seeds.py)",
TXT-V.3-10,Section V.3 text,"Section V.3 (effect of the signing, H2), paragraph 2: “（βtime =-0.0083”",-0.0083,scripts/03_h2_did_tables4_6_fig3.py,results/h2/wcb.json,/comparison/PC3/time/coef,"none for the point estimate; WCB_SEED_BASE (42/43/44 by PC), WCB_DRAWS for SE, p and intervals",
TXT-V.3-11,Section V.3 text,"Section V.3 (effect of the signing, H2), paragraph 2: “（βtime =-0.0083, p<0.001）”",<0.001,scripts/03_h2_did_tables4_6_fig3.py,results/h2/wcb.json,/comparison/PC3/time/p_bootstrap,"WCB_SEED_BASE (42/43/44 by PC), WCB_DRAWS (code/replication/seeds.py)",
TXT-V.3-12,Section V.3 text,"Section V.3 (effect of the signing, H2), paragraph 2: “（β=0.0333, p=0.012）”",0.0333,scripts/03_h2_did_tables4_6_fig3.py,results/h2/wcb.json,/comparison/PC1/UK_x_post/coef,"none for the point estimate; WCB_SEED_BASE (42/43/44 by PC), WCB_DRAWS for SE, p and intervals",
TXT-V.3-13,Section V.3 text,"Section V.3 (effect of the signing, H2), paragraph 2: “β=0.0333, p=0.012”",0.012,scripts/03_h2_did_tables4_6_fig3.py,results/h2/wcb.json,/comparison/PC1/UK_x_post/p_bootstrap,"WCB_SEED_BASE (42/43/44 by PC), WCB_DRAWS (code/replication/seeds.py)",
TXT-V.3-14,Section V.3 text,"Section V.3 (effect of the signing, H2), paragraph 2: “英国主项β=-0.0224”",-0.0224,scripts/03_h2_did_tables4_6_fig3.py,results/h2/wcb.json,/comparison/PC1/UK/coef,"none for the point estimate; WCB_SEED_BASE (42/43/44 by PC), WCB_DRAWS for SE, p and intervals",
TXT-V.3-15,Section V.3 text,"Section V.3 (effect of the signing, H2), paragraph 2: “-0.0224, p=0.005”",0.005,scripts/03_h2_did_tables4_6_fig3.py,results/h2/wcb.json,/comparison/PC1/UK/p_bootstrap,"WCB_SEED_BASE (42/43/44 by PC), WCB_DRAWS (code/replication/seeds.py)",
TXT-V.3-16,Section V.3 text,"Section V.3 (effect of the signing, H2), paragraph 3: “显示了2014-2024年间”",2014,scripts/03_h2_did_tables4_6_fig3.py,results/h2/parallel_trends.json,min_year_key(/coefficients/PC1),"none for the point estimate; WCB_SEED_BASE (42/43/44 by PC), WCB_DRAWS for SE, p and intervals",
TXT-V.3-17,Section V.3 text,"Section V.3 (effect of the signing, H2), paragraph 3: “2014-2024年间”",2024,scripts/03_h2_did_tables4_6_fig3.py,results/h2/parallel_trends.json,max_year_key(/coefficients/PC1),"none for the point estimate; WCB_SEED_BASE (42/43/44 by PC), WCB_DRAWS for SE, p and intervals",
TXT-V.3-18,Section V.3 text,"Section V.3 (effect of the signing, H2), paragraph 3: “（基准年2021）”",2021,scripts/03_h2_did_tables4_6_fig3.py,results/h2/parallel_trends.json,/base_year,"WCB_SEED_BASE (42/43/44 by PC), WCB_DRAWS (code/replication/seeds.py)",
TXT-V.3-19,Section V.3 text,"Section V.3 (effect of the signing, H2), paragraph 3: “签署前7年”",7,scripts/03_h2_did_tables4_6_fig3.py,results/h2/parallel_trends.json,/parallel_trends_test/PC1/UK/df,"WCB_SEED_BASE (42/43/44 by PC), WCB_DRAWS (code/replication/seeds.py)",number of pre-signing event-study years
TXT-V.3-20,Section V.3 text,"Section V.3 (effect of the signing, H2), paragraph 3: “签署后3年”",3,scripts/03_h2_did_tables4_6_fig3.py,results/h2/parallel_trends.json,"max_year_key(v('h2/parallel_trends.json', '/coefficients/PC1')) - v('h2/parallel_trends.json', '/base_year')","WCB_SEED_BASE (42/43/44 by PC), WCB_DRAWS (code/replication/seeds.py)",number of post-signing event-study years
TXT-V.3-21,Section V.3 text,"Section V.3 (effect of the signing, H2), paragraph 2: “显著性水平（p=0.065）”",0.065,scripts/03_h2_did_tables4_6_fig3.py,results/h2/parallel_trends.json,/parallel_trends_test/PC2/UK/p_value,"WCB_SEED_BASE (42/43/44 by PC), WCB_DRAWS (code/replication/seeds.py)",
TXT-V.3-22,Section V.3 text,"Section V.3 (effect of the signing, H2), paragraph 3: “Wald p=0.945”",0.945,scripts/03_h2_did_tables4_6_fig3.py,results/h2/parallel_trends.json,/parallel_trends_test/PC1/UK/p_value,"WCB_SEED_BASE (42/43/44 by PC), WCB_DRAWS (code/replication/seeds.py)",
TXT-V.3-23,Section V.3 text,"Section V.3 (effect of the signing, H2), paragraph 4: “以虚假时间点2020年和”",2020,(parameter),code/replication/params.py,did_robustness.placebo_years.0,none,placebo cut year (analysis parameter)
TXT-V.3-24,Section V.3 text,"Section V.3 (effect of the signing, H2), paragraph 4: “2020年和2021年估计不含”",2021,(parameter),code/replication/params.py,did_robustness.placebo_years.1,none,placebo cut year (analysis parameter)
TXT-V.3-25,Section V.3 text,"Section V.3 (effect of the signing, H2), paragraph 5: “（差值为0.00601”",0.00601,scripts/06_distance_table7.py,results/distance/summary.json,/v1_sample/US_UK/delta_sq/estimate,"DISTANCE_SEED, DISTANCE_DRAWS (code/replication/seeds.py)",
TXT-V.3-26,Section V.3 text,"Section V.3 (effect of the signing, H2), paragraph 5: “两国均有数据的2014年以后的样本（本分析的主规格）”",2014,scripts/06_distance_table7.py,results/distance/deberta-v3-base.json,month_code_year(/params/first_month),"DISTANCE_SEED, DISTANCE_DRAWS (code/replication/seeds.py)",first month of the distance-analysis sample
TXT-V.3-27,Section V.3 text,"Section V.3 (effect of the signing, H2), paragraph 5: “（差值为0.00304”",0.00304,scripts/06_distance_table7.py,results/distance/summary.json,/rows/0/delta_sq,"DISTANCE_SEED, DISTANCE_DRAWS (code/replication/seeds.py)",
TXT-V.3-28,Section V.3 text,"Section V.3 (effect of the signing, H2), paragraph 5: “纳入英国2004—2013年的文本”",2004,scripts/01_sample_table2.py,results/table2_sample.json,ym_year(/by_country/UK/all/first_ym),none (counts),year of the reported month
TXT-V.3-29,Section V.3 text,"Section V.3 (effect of the signing, H2), paragraph 5: “2004—2013年的文本。而在”",2013,scripts/01_sample_table2.py,results/table2_sample.json,"int(v('table2_sample.json', '/by_country/US/all/first_ym')[:4]) - 1",none (counts),last year before the US data begin
TXT-V.4-01,Section V.4 text,"Section V.4 (semantic neighbours, H3), paragraph 2: “在三国共同的前15个近邻词中”",15,(parameter),code/replication/params.py,h3.top_n_compare,none,"setting stated in the original manuscript, checked against its value in the package"
TXT-V.4-02,Section V.4 text,"Section V.4 (semantic neighbours, H3), paragraph 2: “有8个词汇同时出现”",8,scripts/04_h3_neighbours_fig4.py,results/h3/h3.json,len(/post_aukus_analysis/common_words_top15),none (deterministic),
TXT-V.4-03,Section V.4 text,"Section V.4 (semantic neighbours, H3), paragraph 3: “均不在任何一国的前15位”",15,(parameter),code/replication/params.py,h3.top_n_compare,none,"setting stated in the original manuscript, checked against its value in the package"
TXT-V.4-04,Section V.4 text,"Section V.4 (semantic neighbours, H3), paragraph 3: “进入澳大利亚的前15位”",15,(parameter),code/replication/params.py,h3.top_n_compare,none,"setting stated in the original manuscript, checked against its value in the package"
TXT-V.4-05,Section V.4 text,"Section V.4 (semantic neighbours, H3), paragraph 6: “三国各自前15个近邻词”",15,(parameter),code/replication/params.py,h3.top_n_compare,none,"setting stated in the original manuscript, checked against its value in the package"
TXT-V.4-06,Section V.4 text,"Section V.4 (semantic neighbours, H3), paragraph 6: “近邻词的共同词为10个”",10,scripts/04_h3_neighbours_fig4.py,results/h3/h3.json,len(/pre_aukus_analysis/common_words_top15),none (deterministic),
TXT-V.4-07,Section V.4 text,"Section V.4 (semantic neighbours, H3), paragraph 6: “这一数字下降为8个”",8,scripts/04_h3_neighbours_fig4.py,results/h3/h3.json,len(/post_aukus_analysis/common_words_top15),none (deterministic),
TXT-V.5-01,Section V.5 text,"Section V.5 (robustness checks), paragraph 1: “以2020年为假断点”",2020,(parameter),code/replication/params.py,did_robustness.placebo_years.0,none,placebo cut year (analysis parameter)
TXT-V.5-02,Section V.5 text,"Section V.5 (robustness checks), paragraph 2: “点估计为0.0387”",0.0387,scripts/07_external_control_table9.py,results/external/deberta-v3-base/estimate/summary.json,/rows/0/estimate,"EXTERNAL_SEED, EXTERNAL_VERIFICATION_SEED, EXTERNAL_BLOCK_BOOTSTRAP_DRAWS, EXTERNAL_SIMULATION_REPLICATIONS (code/replication/seeds.py)",
TXT-VI-01,Section VI text,"Section VI (conclusion), paragraph 1: “语料中37,866次”","37,866",scripts/01_sample_table2.py,results/table2_sample.json,/total/occurrences,none (counts),
FN61-01,Footnote 61,Footnote 61: “共筛选出56个”,56,scripts/01_sample_table2.py,results/table2_sample.json,/total/terms,none (counts),
FN70-01,Footnote 70,Footnote 70: “基于100个高频锚词”,100,scripts/00_prepare.py,results/intermediate/deberta-v3-base_A_fit.json,/diagnostics/distinct_labels,none (deterministic),"setting stated in the original manuscript, checked against its value in the package"
FN70-02,Footnote 70,"Footnote 70: “使用三国语料中49,999个”","49,999",scripts/00_prepare.py,results/intermediate/deberta-v3-base_A_fit.json,/n_train,none (deterministic),"setting stated in the original manuscript, checked against its value in the package"
FN72-01,Footnote 72,Footnote 72: “在3至99个主成分”,3,scripts/02_h1_manova_table3.py,results/h1/deberta-v3-base/h1_test6_pc_robustness.json,/results/0/n_pc,none (deterministic),smallest number of retained components; H1 test 6 recomputed over the grid
FN72-02,Footnote 72,Footnote 72: “3至99个主成分范围”,99,scripts/02_h1_manova_table3.py,results/h1/deberta-v3-base/h1_test6_pc_robustness.json,/results/8/n_pc,none (deterministic),largest number of retained components; H1 test 6 recomputed over the grid
FN75-01,Footnote 75,Footnote 75: “（仅844条观测”,844,scripts/01_sample_table2.py,results/table2_sample.json,/by_country/AU/pre/occurrences,none (counts),
FN75-02,Footnote 75,Footnote 75: “其中60%集中于”,60%,scripts/01_sample_table2.py,results/table2_sample.json,/au_pre/share_in_2021,none (counts),
FN75-03,Footnote 75,Footnote 75: “集中于2021年），前期”,2021,(label),,,none,year in the label of the reported share (not computed)
FN78-01,Footnote 78,Footnote 78: “仅有844条观测”,844,scripts/01_sample_table2.py,results/table2_sample.json,/by_country/AU/pre/occurrences,none (counts),
FN78-02,Footnote 78,Footnote 78: “（其中60%集中于”,60%,scripts/01_sample_table2.py,results/table2_sample.json,/au_pre/share_in_2021,none (counts),
FN78-03,Footnote 78,Footnote 78: “集中于2021年），时间”,2021,(label),,,none,year in the label of the reported share (not computed)
FN78-04,Footnote 78,Footnote 78: “均有覆盖的2017年起”,2017,scripts/01_sample_table2.py,results/table2_sample.json,ym_year(/by_country/AU/all/first_ym),none (counts),year of the reported month
FN78-05,Footnote 78,Footnote 78: “F=24.88”,24.88,scripts/02_h1_manova_table3.py,results/h1/deberta-v3-base/manova.json,/results/6/F,none (deterministic),
FN78-06,Footnote 78,"Footnote 78: “F=24.88, p<0.001”",<0.001,scripts/02_h1_manova_table3.py,results/h1/deberta-v3-base/manova.json,/results/6/p,none (deterministic),
FN78-07,Footnote 78,"Footnote 78: “N=11,963”","11,963",scripts/02_h1_manova_table3.py,results/h1/deberta-v3-base/manova.json,/results/6/n,none (deterministic),
FN80-01,Footnote 80,Footnote 80: “不再显著（p=0.107与”,0.107,scripts/03_h2_did_tables4_6_fig3.py,results/h2/placebo_with_trend.json,/2020/PC3/UK_x_fake_post/boot_p,"WCB_SEED_BASE (42/43/44 by PC), WCB_DRAWS (code/replication/seeds.py)",
FN80-02,Footnote 80,Footnote 80: “0.107与0.112）”,0.112,scripts/03_h2_did_tables4_6_fig3.py,results/h2/placebo_with_trend.json,/2021/PC3/UK_x_fake_post/boot_p,"WCB_SEED_BASE (42/43/44 by PC), WCB_DRAWS (code/replication/seeds.py)",
FN81-01,Footnote 81,"Footnote 81: “重抽样2,000次”","2,000",scripts/06_distance_table7.py,results/distance/deberta-v3-base.json,/bootstrap/B,"DISTANCE_SEED, DISTANCE_DRAWS (code/replication/seeds.py)",
FN83-01,Footnote 83,"Footnote 83: “从原始50,257个”","50,257",scripts/04_h3_neighbours_fig4.py,results/h3/h3.json,/vocabulary_filter/total_vocab,none (deterministic),
FN83-02,Footnote 83,"Footnote 83: “中筛选出32,070个”","32,070",scripts/04_h3_neighbours_fig4.py,results/h3/h3.json,/vocabulary_filter/effective_tokens_kept,none (deterministic),
FN84-01,Footnote 84,Footnote 84: “（2021年9月至”,2021年9月,scripts/01_sample_table2.py,results/table2_sample.json,/by_period/post/first_ym,none (counts),first month of the post-signing period
FN84-02,Footnote 84,Footnote 84: “至2025年）”,2025,scripts/01_sample_table2.py,results/table2_sample.json,ym_year(/by_period/post/last_ym),none (counts),year of the reported month
FN84-03,Footnote 84,"Footnote 84: “美国7,128条”","7,128",scripts/04_h3_neighbours_fig4.py,results/h3/h3.json,/sample_sizes/post_aukus/US,none (deterministic),
FN84-04,Footnote 84,"Footnote 84: “英国4,516条”","4,516",scripts/04_h3_neighbours_fig4.py,results/h3/h3.json,/sample_sizes/post_aukus/UK,none (deterministic),
FN84-05,Footnote 84,"Footnote 84: “澳大利亚5,438条”","5,438",scripts/04_h3_neighbours_fig4.py,results/h3/h3.json,/sample_sizes/post_aukus/AU,none (deterministic),
FN84-06,Footnote 84,Footnote 84: “各国前15个最近邻词”,15,(parameter),code/replication/params.py,h3.top_n_compare,none,"setting stated in the original manuscript, checked against its value in the package"
FN85-01,Footnote 85,Footnote 85: “样本窗口为2014年1月至”,2014年1月,(parameter),code/replication/external/params.py,external:windows.SG.start,none,external-control sample window (analysis parameter)
FN85-02,Footnote 85,Footnote 85: “至2025年11月，加”,2025年11月,(parameter),code/replication/external/params.py,external:windows.SG.end,none,external-control sample window (analysis parameter)
FN85-03,Footnote 85,Footnote 85: “加拿大为2017年1月”,2017年1月,(parameter),code/replication/external/params.py,external:windows.CA.start,none,external-control sample window (analysis parameter)
FN85-04,Footnote 85,Footnote 85: “至2025年11月。由于”,2025年11月,(parameter),code/replication/external/params.py,external:windows.CA.end,none,external-control sample window (analysis parameter)
FN85-05,Footnote 85,Footnote 85: “最小效应为0.277个”,0.277,scripts/07_external_control_table9.py,results/external/deberta-v3-base/design/mde.json,/mde/SG/estimands/theta/ref_PC1/mde_sd,"EXTERNAL_SEED, EXTERNAL_VERIFICATION_SEED, EXTERNAL_BLOCK_BOOTSTRAP_DRAWS, EXTERNAL_SIMULATION_REPLICATIONS (code/replication/seeds.py)",
FN85-06,Footnote 85,Footnote 85: “以2020年为基年”,2020,scripts/07_external_control_table9.py,results/external/deberta-v3-base/estimate/event_study.json,/SG/design/reference,"EXTERNAL_SEED, EXTERNAL_VERIFICATION_SEED, EXTERNAL_BLOCK_BOOTSTRAP_DRAWS, EXTERNAL_SIMULATION_REPLICATIONS (code/replication/seeds.py)",
FN85-07,Footnote 85,Footnote 85: “签署前的2021年1月至8月”,2021年1月至8月,(label),,,none,label of the reported event-period estimate (event period 2021a; not computed)
FN85-08,Footnote 85,Footnote 85: “已有抬升（0.0402）”,0.0402,scripts/07_external_control_table9.py,results/external/deberta-v3-base/estimate/event_study.json,/SG/PCs/ref_PC1/coefficients/theta@2021a/estimate,"EXTERNAL_SEED, EXTERNAL_VERIFICATION_SEED, EXTERNAL_BLOCK_BOOTSTRAP_DRAWS, EXTERNAL_SIMULATION_REPLICATIONS (code/replication/seeds.py)",
TAB1-001,Table 1,"Table 1, row semantic representation (Y), definition column: vector dimension",768,(data bundle),data bundle: encodings/deberta-v3-base/targets_U.npy,npy_width(),none,width of the baseline encoder's hidden states in the encodings of the data bundle
TAB1-002,Table 1,"Table 1, row semantic representation (Y), statistics column: N","37,866",scripts/01_sample_table2.py,results/table2_sample.json,/total/occurrences,none (counts),
TAB1-003,Table 1,"Table 1, row country, statistics column: US","20,360",scripts/01_sample_table2.py,results/table2_sample.json,/by_country/US/all/occurrences,none (counts),
TAB1-004,Table 1,"Table 1, row country, statistics column: UK","11,224",scripts/01_sample_table2.py,results/table2_sample.json,/by_country/UK/all/occurrences,none (counts),
TAB1-005,Table 1,"Table 1, row country, statistics column: AU","6,282",scripts/01_sample_table2.py,results/table2_sample.json,/by_country/AU/all/occurrences,none (counts),
TAB1-006,Table 1,"Table 1, row AUKUS signing (Post), definition column: first post-signing month",2021 年 9 月,scripts/01_sample_table2.py,results/table2_sample.json,/by_period/post/first_ym,none (counts),first month of the post-signing period
TAB1-007,Table 1,"Table 1, row AUKUS signing (Post), statistics column: pre-signing","20,784",scripts/01_sample_table2.py,results/table2_sample.json,/by_period/pre/occurrences,none (counts),
TAB1-008,Table 1,"Table 1, row AUKUS signing (Post), statistics column: post-signing","17,082",scripts/01_sample_table2.py,results/table2_sample.json,/by_period/post/occurrences,none (counts),
TAB1-009,Table 1,"Table 1, row time (t), definition column: trend origin in t = year − 2014",2014,(parameter),code/replication/params.py,wcb.trend_origin_year,none,"setting stated in the original manuscript, checked against its value in the package"
TAB1-010,Table 1,"Table 1, row time (t), statistics column: range start",2004,scripts/01_sample_table2.py,results/table2_sample.json,ym_year(/total/first_ym),none (counts),year of the reported month
TAB1-011,Table 1,"Table 1, row time (t), statistics column: range end",2025,scripts/01_sample_table2.py,results/table2_sample.json,ym_year(/total/last_ym),none (counts),year of the reported month
TAB1-012,Table 1,"Table 1, row document identifier, statistics column: number of clusters","11,459",scripts/03_h2_did_tables4_6_fig3.py,results/h2/wcb.json,/n_clusters,"none for the point estimate; WCB_SEED_BASE (42/43/44 by PC), WCB_DRAWS for SE, p and intervals",
TAB2-001,Table 2,"Table 2, row United States, column occurrences","20,360",scripts/01_sample_table2.py,results/table2_sample.json,/by_country/US/all/occurrences,none (counts),
TAB2-002,Table 2,"Table 2, row United States, column share",53.8%,scripts/01_sample_table2.py,results/table2_sample.json,/by_country/US/all/share_of_occurrences,none (counts),
TAB2-003,Table 2,"Table 2, row United States, column before AUKUS","13,232",scripts/01_sample_table2.py,results/table2_sample.json,/by_country/US/pre/occurrences,none (counts),
TAB2-004,Table 2,"Table 2, row United States, column after AUKUS","7,128",scripts/01_sample_table2.py,results/table2_sample.json,/by_country/US/post/occurrences,none (counts),
TAB2-005,Table 2,"Table 2, row United Kingdom, column occurrences","11,224",scripts/01_sample_table2.py,results/table2_sample.json,/by_country/UK/all/occurrences,none (counts),
TAB2-006,Table 2,"Table 2, row United Kingdom, column share",29.6%,scripts/01_sample_table2.py,results/table2_sample.json,/by_country/UK/all/share_of_occurrences,none (counts),
TAB2-007,Table 2,"Table 2, row United Kingdom, column before AUKUS","6,708",scripts/01_sample_table2.py,results/table2_sample.json,/by_country/UK/pre/occurrences,none (counts),
TAB2-008,Table 2,"Table 2, row United Kingdom, column after AUKUS","4,516",scripts/01_sample_table2.py,results/table2_sample.json,/by_country/UK/post/occurrences,none (counts),
TAB2-009,Table 2,"Table 2, row Australia, column occurrences","6,282",scripts/01_sample_table2.py,results/table2_sample.json,/by_country/AU/all/occurrences,none (counts),
TAB2-010,Table 2,"Table 2, row Australia, column share",16.6%,scripts/01_sample_table2.py,results/table2_sample.json,/by_country/AU/all/share_of_occurrences,none (counts),
TAB2-011,Table 2,"Table 2, row Australia, column before AUKUS",844,scripts/01_sample_table2.py,results/table2_sample.json,/by_country/AU/pre/occurrences,none (counts),
TAB2-012,Table 2,"Table 2, row Australia, column after AUKUS","5,438",scripts/01_sample_table2.py,results/table2_sample.json,/by_country/AU/post/occurrences,none (counts),
TAB2-013,Table 2,"Table 2, row total, column occurrences","37,866",scripts/01_sample_table2.py,results/table2_sample.json,/total/occurrences,none (counts),
TAB2-014,Table 2,"Table 2, row total, column share",100%,scripts/01_sample_table2.py,results/table2_sample.json,"sum(v('table2_sample.json', f'/by_country/{c}/all/share_of_occurrences') for c in ('US', 'UK', 'AU'))",none (counts),
TAB2-015,Table 2,"Table 2, row total, column before AUKUS","20,784",scripts/01_sample_table2.py,results/table2_sample.json,/by_period/pre/occurrences,none (counts),
TAB2-016,Table 2,"Table 2, row total, column after AUKUS","17,082",scripts/01_sample_table2.py,results/table2_sample.json,/by_period/post/occurrences,none (counts),
TAB3-001,Table 3,"Table 3, column sample period: start",2014,scripts/01_sample_table2.py,results/table2_sample.json,ym_year(/by_country/US/pre/first_ym),none (counts),year of the reported month
TAB3-002,Table 3,"Table 3, column sample period: end",2021.08,scripts/01_sample_table2.py,results/table2_sample.json,/by_period/pre/last_ym,none (counts),last month of the pre-signing period
TAB3-003,Table 3,"Table 3, column N","17,601",scripts/02_h1_manova_table3.py,results/h1/deberta-v3-base/manova.json,/results/8/n,none (deterministic),
TAB3-004,Table 3,"Table 3, column F statistic",58.60,scripts/02_h1_manova_table3.py,results/h1/deberta-v3-base/manova.json,/results/8/F,none (deterministic),
TAB3-005,Table 3,"Table 3, column p value",< 0.001,scripts/02_h1_manova_table3.py,results/h1/deberta-v3-base/manova.json,/results/8/p,none (deterministic),
TAB3-006,Table 3,"Table 3, note line 1: number of principal components",88,scripts/03_h2_did_tables4_6_fig3.py,results/h2/meta.json,/n_pc,none (deterministic),
TAB3-007,Table 3,"Table 3, note line 1: share of variance retained",99%,scripts/02_h1_manova_table3.py,results/h1/deberta-v3-base/h1.json,/cumulative_variance_88,none (deterministic),
TAB3-008,Table 3,"Table 3, note line 2: start of the overlap period",2014,scripts/01_sample_table2.py,results/table2_sample.json,ym_year(/by_country/US/pre/first_ym),none (counts),year of the reported month
TAB4-001,Table 4,"Table 4, row intercept, column PC1: coefficient",0.0403***,scripts/03_h2_did_tables4_6_fig3.py,results/h2/wcb.json,/comparison/PC1/intercept/coef,"none for the point estimate; WCB_SEED_BASE (42/43/44 by PC), WCB_DRAWS for SE, p and intervals","wcb.json, comparison.PC1.intercept.coef; stars follow the bootstrap p value (*** p<0.001, ** p<0.01, * p<0.05, † p<0.1)"
TAB4-002,Table 4,"Table 4, row intercept, column PC1: bootstrap standard error",(0.0067),scripts/03_h2_did_tables4_6_fig3.py,results/h2/wcb.json,/comparison/PC1/intercept/se_bootstrap,"WCB_SEED_BASE (42/43/44 by PC), WCB_DRAWS (code/replication/seeds.py)","wcb.json, comparison.PC1.intercept.se_bootstrap"
TAB4-003,Table 4,"Table 4, row intercept, column PC2: coefficient",-0.0120*,scripts/03_h2_did_tables4_6_fig3.py,results/h2/wcb.json,/comparison/PC2/intercept/coef,"none for the point estimate; WCB_SEED_BASE (42/43/44 by PC), WCB_DRAWS for SE, p and intervals","wcb.json, comparison.PC2.intercept.coef; stars follow the bootstrap p value (*** p<0.001, ** p<0.01, * p<0.05, † p<0.1)"
TAB4-004,Table 4,"Table 4, row intercept, column PC2: bootstrap standard error",(0.0051),scripts/03_h2_did_tables4_6_fig3.py,results/h2/wcb.json,/comparison/PC2/intercept/se_bootstrap,"WCB_SEED_BASE (42/43/44 by PC), WCB_DRAWS (code/replication/seeds.py)","wcb.json, comparison.PC2.intercept.se_bootstrap"
TAB4-005,Table 4,"Table 4, row intercept, column PC3: coefficient",0.0474***,scripts/03_h2_did_tables4_6_fig3.py,results/h2/wcb.json,/comparison/PC3/intercept/coef,"none for the point estimate; WCB_SEED_BASE (42/43/44 by PC), WCB_DRAWS for SE, p and intervals","wcb.json, comparison.PC3.intercept.coef; stars follow the bootstrap p value (*** p<0.001, ** p<0.01, * p<0.05, † p<0.1)"
TAB4-006,Table 4,"Table 4, row intercept, column PC3: bootstrap standard error",(0.0064),scripts/03_h2_did_tables4_6_fig3.py,results/h2/wcb.json,/comparison/PC3/intercept/se_bootstrap,"WCB_SEED_BASE (42/43/44 by PC), WCB_DRAWS (code/replication/seeds.py)","wcb.json, comparison.PC3.intercept.se_bootstrap"
TAB4-007,Table 4,"Table 4, row D_UK (United Kingdom), column PC1: coefficient",-0.0224**,scripts/03_h2_did_tables4_6_fig3.py,results/h2/wcb.json,/comparison/PC1/UK/coef,"none for the point estimate; WCB_SEED_BASE (42/43/44 by PC), WCB_DRAWS for SE, p and intervals","stars follow the bootstrap p value (*** p<0.001, ** p<0.01, * p<0.05, † p<0.1)"
TAB4-008,Table 4,"Table 4, row D_UK (United Kingdom), column PC1: bootstrap standard error",(0.0079),scripts/03_h2_did_tables4_6_fig3.py,results/h2/wcb.json,/comparison/PC1/UK/se_bootstrap,"WCB_SEED_BASE (42/43/44 by PC), WCB_DRAWS (code/replication/seeds.py)","wcb.json, comparison.PC1.UK.se_bootstrap"
TAB4-009,Table 4,"Table 4, row D_UK (United Kingdom), column PC2: coefficient",0.0122†,scripts/03_h2_did_tables4_6_fig3.py,results/h2/wcb.json,/comparison/PC2/UK/coef,"none for the point estimate; WCB_SEED_BASE (42/43/44 by PC), WCB_DRAWS for SE, p and intervals","stars follow the bootstrap p value (*** p<0.001, ** p<0.01, * p<0.05, † p<0.1)"
TAB4-010,Table 4,"Table 4, row D_UK (United Kingdom), column PC2: bootstrap standard error",(0.0070),scripts/03_h2_did_tables4_6_fig3.py,results/h2/wcb.json,/comparison/PC2/UK/se_bootstrap,"WCB_SEED_BASE (42/43/44 by PC), WCB_DRAWS (code/replication/seeds.py)","wcb.json, comparison.PC2.UK.se_bootstrap"
TAB4-011,Table 4,"Table 4, row D_UK (United Kingdom), column PC3: coefficient",-0.0389***,scripts/03_h2_did_tables4_6_fig3.py,results/h2/wcb.json,/comparison/PC3/UK/coef,"none for the point estimate; WCB_SEED_BASE (42/43/44 by PC), WCB_DRAWS for SE, p and intervals","stars follow the bootstrap p value (*** p<0.001, ** p<0.01, * p<0.05, † p<0.1)"
TAB4-012,Table 4,"Table 4, row D_UK (United Kingdom), column PC3: bootstrap standard error",(0.0084),scripts/03_h2_did_tables4_6_fig3.py,results/h2/wcb.json,/comparison/PC3/UK/se_bootstrap,"WCB_SEED_BASE (42/43/44 by PC), WCB_DRAWS (code/replication/seeds.py)","wcb.json, comparison.PC3.UK.se_bootstrap"
TAB4-013,Table 4,"Table 4, row D_AU (Australia), column PC1: coefficient",-0.0404*,scripts/03_h2_did_tables4_6_fig3.py,results/h2/wcb.json,/comparison/PC1/AU/coef,"none for the point estimate; WCB_SEED_BASE (42/43/44 by PC), WCB_DRAWS for SE, p and intervals","stars follow the bootstrap p value (*** p<0.001, ** p<0.01, * p<0.05, † p<0.1)"
TAB4-014,Table 4,"Table 4, row D_AU (Australia), column PC1: bootstrap standard error",(0.0160),scripts/03_h2_did_tables4_6_fig3.py,results/h2/wcb.json,/comparison/PC1/AU/se_bootstrap,"WCB_SEED_BASE (42/43/44 by PC), WCB_DRAWS (code/replication/seeds.py)","wcb.json, comparison.PC1.AU.se_bootstrap"
TAB4-015,Table 4,"Table 4, row D_AU (Australia), column PC2: coefficient",0.0428*,scripts/03_h2_did_tables4_6_fig3.py,results/h2/wcb.json,/comparison/PC2/AU/coef,"none for the point estimate; WCB_SEED_BASE (42/43/44 by PC), WCB_DRAWS for SE, p and intervals","stars follow the bootstrap p value (*** p<0.001, ** p<0.01, * p<0.05, † p<0.1)"
TAB4-016,Table 4,"Table 4, row D_AU (Australia), column PC2: bootstrap standard error",(0.0175),scripts/03_h2_did_tables4_6_fig3.py,results/h2/wcb.json,/comparison/PC2/AU/se_bootstrap,"WCB_SEED_BASE (42/43/44 by PC), WCB_DRAWS (code/replication/seeds.py)","wcb.json, comparison.PC2.AU.se_bootstrap"
TAB4-017,Table 4,"Table 4, row D_AU (Australia), column PC3: coefficient",-0.0042,scripts/03_h2_did_tables4_6_fig3.py,results/h2/wcb.json,/comparison/PC3/AU/coef,"none for the point estimate; WCB_SEED_BASE (42/43/44 by PC), WCB_DRAWS for SE, p and intervals","stars follow the bootstrap p value (*** p<0.001, ** p<0.01, * p<0.05, † p<0.1)"
TAB4-018,Table 4,"Table 4, row D_AU (Australia), column PC3: bootstrap standard error",(0.0150),scripts/03_h2_did_tables4_6_fig3.py,results/h2/wcb.json,/comparison/PC3/AU/se_bootstrap,"WCB_SEED_BASE (42/43/44 by PC), WCB_DRAWS (code/replication/seeds.py)","wcb.json, comparison.PC3.AU.se_bootstrap"
TAB4-019,Table 4,"Table 4, row t (time trend), column PC1: coefficient",-0.0064***,scripts/03_h2_did_tables4_6_fig3.py,results/h2/wcb.json,/comparison/PC1/time/coef,"none for the point estimate; WCB_SEED_BASE (42/43/44 by PC), WCB_DRAWS for SE, p and intervals","stars follow the bootstrap p value (*** p<0.001, ** p<0.01, * p<0.05, † p<0.1)"
TAB4-020,Table 4,"Table 4, row t (time trend), column PC1: bootstrap standard error",(0.0012),scripts/03_h2_did_tables4_6_fig3.py,results/h2/wcb.json,/comparison/PC1/time/se_bootstrap,"WCB_SEED_BASE (42/43/44 by PC), WCB_DRAWS (code/replication/seeds.py)","wcb.json, comparison.PC1.time.se_bootstrap"
TAB4-021,Table 4,"Table 4, row t (time trend), column PC2: coefficient",-0.0004,scripts/03_h2_did_tables4_6_fig3.py,results/h2/wcb.json,/comparison/PC2/time/coef,"none for the point estimate; WCB_SEED_BASE (42/43/44 by PC), WCB_DRAWS for SE, p and intervals","stars follow the bootstrap p value (*** p<0.001, ** p<0.01, * p<0.05, † p<0.1)"
TAB4-022,Table 4,"Table 4, row t (time trend), column PC2: bootstrap standard error",(0.0011),scripts/03_h2_did_tables4_6_fig3.py,results/h2/wcb.json,/comparison/PC2/time/se_bootstrap,"WCB_SEED_BASE (42/43/44 by PC), WCB_DRAWS (code/replication/seeds.py)","wcb.json, comparison.PC2.time.se_bootstrap"
TAB4-023,Table 4,"Table 4, row t (time trend), column PC3: coefficient",-0.0083***,scripts/03_h2_did_tables4_6_fig3.py,results/h2/wcb.json,/comparison/PC3/time/coef,"none for the point estimate; WCB_SEED_BASE (42/43/44 by PC), WCB_DRAWS for SE, p and intervals","stars follow the bootstrap p value (*** p<0.001, ** p<0.01, * p<0.05, † p<0.1)"
TAB4-024,Table 4,"Table 4, row t (time trend), column PC3: bootstrap standard error",(0.0013),scripts/03_h2_did_tables4_6_fig3.py,results/h2/wcb.json,/comparison/PC3/time/se_bootstrap,"WCB_SEED_BASE (42/43/44 by PC), WCB_DRAWS (code/replication/seeds.py)","wcb.json, comparison.PC3.time.se_bootstrap"
TAB4-025,Table 4,"Table 4, row Post (after AUKUS), column PC1: coefficient",0.0134,scripts/03_h2_did_tables4_6_fig3.py,results/h2/wcb.json,/comparison/PC1/post_aukus/coef,"WCB_SEED_BASE (42/43/44 by PC), WCB_DRAWS (code/replication/seeds.py)","stars follow the bootstrap p value (*** p<0.001, ** p<0.01, * p<0.05, † p<0.1)"
TAB4-026,Table 4,"Table 4, row Post (after AUKUS), column PC1: bootstrap standard error",(0.0097),scripts/03_h2_did_tables4_6_fig3.py,results/h2/wcb.json,/comparison/PC1/post_aukus/se_bootstrap,"WCB_SEED_BASE (42/43/44 by PC), WCB_DRAWS (code/replication/seeds.py)","wcb.json, comparison.PC1.post_aukus.se_bootstrap"
TAB4-027,Table 4,"Table 4, row Post (after AUKUS), column PC2: coefficient",-0.0021,scripts/03_h2_did_tables4_6_fig3.py,results/h2/wcb.json,/comparison/PC2/post_aukus/coef,"WCB_SEED_BASE (42/43/44 by PC), WCB_DRAWS (code/replication/seeds.py)","stars follow the bootstrap p value (*** p<0.001, ** p<0.01, * p<0.05, † p<0.1)"
TAB4-028,Table 4,"Table 4, row Post (after AUKUS), column PC2: bootstrap standard error",(0.0087),scripts/03_h2_did_tables4_6_fig3.py,results/h2/wcb.json,/comparison/PC2/post_aukus/se_bootstrap,"WCB_SEED_BASE (42/43/44 by PC), WCB_DRAWS (code/replication/seeds.py)","wcb.json, comparison.PC2.post_aukus.se_bootstrap"
TAB4-029,Table 4,"Table 4, row Post (after AUKUS), column PC3: coefficient",0.0516***,scripts/03_h2_did_tables4_6_fig3.py,results/h2/wcb.json,/comparison/PC3/post_aukus/coef,"WCB_SEED_BASE (42/43/44 by PC), WCB_DRAWS (code/replication/seeds.py)","stars follow the bootstrap p value (*** p<0.001, ** p<0.01, * p<0.05, † p<0.1)"
TAB4-030,Table 4,"Table 4, row Post (after AUKUS), column PC3: bootstrap standard error",(0.0100),scripts/03_h2_did_tables4_6_fig3.py,results/h2/wcb.json,/comparison/PC3/post_aukus/se_bootstrap,"WCB_SEED_BASE (42/43/44 by PC), WCB_DRAWS (code/replication/seeds.py)","wcb.json, comparison.PC3.post_aukus.se_bootstrap"
TAB4-031,Table 4,"Table 4, row D_UK × Post, column PC1: coefficient",0.0333*,scripts/03_h2_did_tables4_6_fig3.py,results/h2/wcb.json,/comparison/PC1/UK_x_post/coef,"none for the point estimate; WCB_SEED_BASE (42/43/44 by PC), WCB_DRAWS for SE, p and intervals","stars follow the bootstrap p value (*** p<0.001, ** p<0.01, * p<0.05, † p<0.1)"
TAB4-032,Table 4,"Table 4, row D_UK × Post, column PC1: bootstrap standard error",(0.0129),scripts/03_h2_did_tables4_6_fig3.py,results/h2/wcb.json,/comparison/PC1/UK_x_post/se_bootstrap,"WCB_SEED_BASE (42/43/44 by PC), WCB_DRAWS (code/replication/seeds.py)","wcb.json, comparison.PC1.UK_x_post.se_bootstrap"
TAB4-033,Table 4,"Table 4, row D_UK × Post, column PC2: coefficient",0.0239*,scripts/03_h2_did_tables4_6_fig3.py,results/h2/wcb.json,/comparison/PC2/UK_x_post/coef,"none for the point estimate; WCB_SEED_BASE (42/43/44 by PC), WCB_DRAWS for SE, p and intervals","stars follow the bootstrap p value (*** p<0.001, ** p<0.01, * p<0.05, † p<0.1)"
TAB4-034,Table 4,"Table 4, row D_UK × Post, column PC2: bootstrap standard error",(0.0103),scripts/03_h2_did_tables4_6_fig3.py,results/h2/wcb.json,/comparison/PC2/UK_x_post/se_bootstrap,"WCB_SEED_BASE (42/43/44 by PC), WCB_DRAWS (code/replication/seeds.py)","wcb.json, comparison.PC2.UK_x_post.se_bootstrap"
TAB4-035,Table 4,"Table 4, row D_UK × Post, column PC3: coefficient",-0.0532***,scripts/03_h2_did_tables4_6_fig3.py,results/h2/wcb.json,/comparison/PC3/UK_x_post/coef,"none for the point estimate; WCB_SEED_BASE (42/43/44 by PC), WCB_DRAWS for SE, p and intervals","stars follow the bootstrap p value (*** p<0.001, ** p<0.01, * p<0.05, † p<0.1)"
TAB4-036,Table 4,"Table 4, row D_UK × Post, column PC3: bootstrap standard error",(0.0123),scripts/03_h2_did_tables4_6_fig3.py,results/h2/wcb.json,/comparison/PC3/UK_x_post/se_bootstrap,"WCB_SEED_BASE (42/43/44 by PC), WCB_DRAWS (code/replication/seeds.py)","wcb.json, comparison.PC3.UK_x_post.se_bootstrap"
TAB4-037,Table 4,"Table 4, row D_AU × Post, column PC1: coefficient",0.0017,scripts/03_h2_did_tables4_6_fig3.py,results/h2/wcb.json,/comparison/PC1/AU_x_post/coef,"none for the point estimate; WCB_SEED_BASE (42/43/44 by PC), WCB_DRAWS for SE, p and intervals","stars follow the bootstrap p value (*** p<0.001, ** p<0.01, * p<0.05, † p<0.1)"
TAB4-038,Table 4,"Table 4, row D_AU × Post, column PC1: bootstrap standard error",(0.0179),scripts/03_h2_did_tables4_6_fig3.py,results/h2/wcb.json,/comparison/PC1/AU_x_post/se_bootstrap,"WCB_SEED_BASE (42/43/44 by PC), WCB_DRAWS (code/replication/seeds.py)","wcb.json, comparison.PC1.AU_x_post.se_bootstrap"
TAB4-039,Table 4,"Table 4, row D_AU × Post, column PC2: coefficient",0.0114,scripts/03_h2_did_tables4_6_fig3.py,results/h2/wcb.json,/comparison/PC2/AU_x_post/coef,"none for the point estimate; WCB_SEED_BASE (42/43/44 by PC), WCB_DRAWS for SE, p and intervals","stars follow the bootstrap p value (*** p<0.001, ** p<0.01, * p<0.05, † p<0.1)"
TAB4-040,Table 4,"Table 4, row D_AU × Post, column PC2: bootstrap standard error",(0.0192),scripts/03_h2_did_tables4_6_fig3.py,results/h2/wcb.json,/comparison/PC2/AU_x_post/se_bootstrap,"WCB_SEED_BASE (42/43/44 by PC), WCB_DRAWS (code/replication/seeds.py)","wcb.json, comparison.PC2.AU_x_post.se_bootstrap"
TAB4-041,Table 4,"Table 4, row D_AU × Post, column PC3: coefficient",-0.0273,scripts/03_h2_did_tables4_6_fig3.py,results/h2/wcb.json,/comparison/PC3/AU_x_post/coef,"none for the point estimate; WCB_SEED_BASE (42/43/44 by PC), WCB_DRAWS for SE, p and intervals","stars follow the bootstrap p value (*** p<0.001, ** p<0.01, * p<0.05, † p<0.1)"
TAB4-042,Table 4,"Table 4, row D_AU × Post, column PC3: bootstrap standard error",(0.0170),scripts/03_h2_did_tables4_6_fig3.py,results/h2/wcb.json,/comparison/PC3/AU_x_post/se_bootstrap,"WCB_SEED_BASE (42/43/44 by PC), WCB_DRAWS (code/replication/seeds.py)","wcb.json, comparison.PC3.AU_x_post.se_bootstrap"
TAB4-043,Table 4,"Table 4, row R², column PC1",0.0058,scripts/03_h2_did_tables4_6_fig3.py,results/h2/did.json,/model_3_time_trend/PC1/_meta/r_squared,"none for the point estimate; WCB_SEED_BASE (42/43/44 by PC), WCB_DRAWS for SE, p and intervals","did.json, model_3_time_trend.PC1._meta.r_squared"
TAB4-044,Table 4,"Table 4, row R², column PC2",0.0042,scripts/03_h2_did_tables4_6_fig3.py,results/h2/did.json,/model_3_time_trend/PC2/_meta/r_squared,"none for the point estimate; WCB_SEED_BASE (42/43/44 by PC), WCB_DRAWS for SE, p and intervals","did.json, model_3_time_trend.PC2._meta.r_squared"
TAB4-045,Table 4,"Table 4, row R², column PC3",0.0148,scripts/03_h2_did_tables4_6_fig3.py,results/h2/did.json,/model_3_time_trend/PC3/_meta/r_squared,"none for the point estimate; WCB_SEED_BASE (42/43/44 by PC), WCB_DRAWS for SE, p and intervals","did.json, model_3_time_trend.PC3._meta.r_squared"
TAB4-046,Table 4,"Table 4, note line 2: trend origin in t = year − 2014",2014,(parameter),code/replication/params.py,wcb.trend_origin_year,none,"setting stated in the original manuscript, checked against its value in the package"
TAB4-047,Table 4,"Table 4, note line 4: N","37,866",scripts/03_h2_did_tables4_6_fig3.py,results/h2/wcb.json,/n_samples,"none for the point estimate; WCB_SEED_BASE (42/43/44 by PC), WCB_DRAWS for SE, p and intervals",
TAB4-048,Table 4,"Table 4, note line 4: number of clusters","11,459",scripts/03_h2_did_tables4_6_fig3.py,results/h2/wcb.json,/n_clusters,"none for the point estimate; WCB_SEED_BASE (42/43/44 by PC), WCB_DRAWS for SE, p and intervals",
FIG1-01,Figure 1,"Figure 1, panel (a), x-axis label PC1 (share of variance)",7.0%,scripts/08_figures_1_2.py,results/figures/figures_1_2.json,/figure1/explained_variance_ratio/0,FIGURE_PCA_RANDOM_STATE (no effect with the covariance_eigh solver) (code/replication/seeds.py),"axis label of Figure 1, checked against the PCA of the figure itself (original vectors, script 08); no full-precision value of the published figure is archived, so there is no full-precision reference. The analysis PCA-3 of the baseline encoder (results/h2/meta.json) gives 7.001706% and rounds to the same printed value."
FIG1-02,Figure 1,"Figure 1, panel (a), y-axis label PC2 (share of variance)",5.4%,scripts/08_figures_1_2.py,results/figures/figures_1_2.json,/figure1/explained_variance_ratio/1,FIGURE_PCA_RANDOM_STATE (no effect with the covariance_eigh solver) (code/replication/seeds.py),"axis label of Figure 1, checked against the PCA of the figure itself (original vectors, script 08); no full-precision value of the published figure is archived, so there is no full-precision reference. The analysis PCA-3 of the baseline encoder (results/h2/meta.json) gives 5.429895% and rounds to the same printed value."
FIG1-03,Figure 1,"Figure 1, panel (b), x-axis label PC1 (share of variance)",7.0%,scripts/08_figures_1_2.py,results/figures/figures_1_2.json,/figure1/explained_variance_ratio/0,FIGURE_PCA_RANDOM_STATE (no effect with the covariance_eigh solver) (code/replication/seeds.py),"axis label of Figure 1, checked against the PCA of the figure itself (original vectors, script 08); no full-precision value of the published figure is archived, so there is no full-precision reference. The analysis PCA-3 of the baseline encoder (results/h2/meta.json) gives 7.001706% and rounds to the same printed value."
FIG1-04,Figure 1,"Figure 1, panel (b), y-axis label PC2 (share of variance)",5.4%,scripts/08_figures_1_2.py,results/figures/figures_1_2.json,/figure1/explained_variance_ratio/1,FIGURE_PCA_RANDOM_STATE (no effect with the covariance_eigh solver) (code/replication/seeds.py),"axis label of Figure 1, checked against the PCA of the figure itself (original vectors, script 08); no full-precision value of the published figure is archived, so there is no full-precision reference. The analysis PCA-3 of the baseline encoder (results/h2/meta.json) gives 5.429895% and rounds to the same printed value."
FIG3-01,Figure 3,"Figure 3, title: base year",2021,scripts/03_h2_did_tables4_6_fig3.py,results/h2/parallel_trends.json,/base_year,"WCB_SEED_BASE (42/43/44 by PC), WCB_DRAWS (code/replication/seeds.py)",
FIG4-01,Figure 4,"Figure 4, title: number of neighbour words (Top-15)",15,(parameter),code/replication/params.py,h3.top_n_compare,none,"setting stated in the original manuscript, checked against its value in the package"
TAB5-001,Table 5,"Table 5, row PC1, column Wald chi-square",2.25,scripts/03_h2_did_tables4_6_fig3.py,results/h2/parallel_trends.json,/parallel_trends_test/PC1/UK/wald_stat,"WCB_SEED_BASE (42/43/44 by PC), WCB_DRAWS (code/replication/seeds.py)",
TAB5-002,Table 5,"Table 5, row PC1, column df",7,scripts/03_h2_did_tables4_6_fig3.py,results/h2/parallel_trends.json,/parallel_trends_test/PC1/UK/df,"WCB_SEED_BASE (42/43/44 by PC), WCB_DRAWS (code/replication/seeds.py)",
TAB5-003,Table 5,"Table 5, row PC1, column p value",0.945,scripts/03_h2_did_tables4_6_fig3.py,results/h2/parallel_trends.json,/parallel_trends_test/PC1/UK/p_value,"WCB_SEED_BASE (42/43/44 by PC), WCB_DRAWS (code/replication/seeds.py)",
TAB5-004,Table 5,"Table 5, row PC2, column Wald chi-square",13.29,scripts/03_h2_did_tables4_6_fig3.py,results/h2/parallel_trends.json,/parallel_trends_test/PC2/UK/wald_stat,"WCB_SEED_BASE (42/43/44 by PC), WCB_DRAWS (code/replication/seeds.py)",
TAB5-005,Table 5,"Table 5, row PC2, column df",7,scripts/03_h2_did_tables4_6_fig3.py,results/h2/parallel_trends.json,/parallel_trends_test/PC2/UK/df,"WCB_SEED_BASE (42/43/44 by PC), WCB_DRAWS (code/replication/seeds.py)",
TAB5-006,Table 5,"Table 5, row PC2, column p value",0.065,scripts/03_h2_did_tables4_6_fig3.py,results/h2/parallel_trends.json,/parallel_trends_test/PC2/UK/p_value,"WCB_SEED_BASE (42/43/44 by PC), WCB_DRAWS (code/replication/seeds.py)",
TAB5-007,Table 5,"Table 5, row PC3, column Wald chi-square",12.25,scripts/03_h2_did_tables4_6_fig3.py,results/h2/parallel_trends.json,/parallel_trends_test/PC3/UK/wald_stat,"WCB_SEED_BASE (42/43/44 by PC), WCB_DRAWS (code/replication/seeds.py)",
TAB5-008,Table 5,"Table 5, row PC3, column df",7,scripts/03_h2_did_tables4_6_fig3.py,results/h2/parallel_trends.json,/parallel_trends_test/PC3/UK/df,"WCB_SEED_BASE (42/43/44 by PC), WCB_DRAWS (code/replication/seeds.py)",
TAB5-009,Table 5,"Table 5, row PC3, column p value",0.092,scripts/03_h2_did_tables4_6_fig3.py,results/h2/parallel_trends.json,/parallel_trends_test/PC3/UK/p_value,"WCB_SEED_BASE (42/43/44 by PC), WCB_DRAWS (code/replication/seeds.py)",
TAB5-010,Table 5,"Table 5, note line 2, bootstrap replications","1,000",scripts/03_h2_did_tables4_6_fig3.py,results/h2/wcb.json,/n_bootstrap,"WCB_SEED_BASE (42/43/44 by PC), WCB_DRAWS (code/replication/seeds.py)",
TAB5-011,Table 5,"Table 5, note line 3, event-study first year",2014,scripts/03_h2_did_tables4_6_fig3.py,results/h2/parallel_trends.json,min_year_key(/coefficients/PC1),"none for the point estimate; WCB_SEED_BASE (42/43/44 by PC), WCB_DRAWS for SE, p and intervals",
TAB5-012,Table 5,"Table 5, note line 3, event-study last year",2024,scripts/03_h2_did_tables4_6_fig3.py,results/h2/parallel_trends.json,max_year_key(/coefficients/PC1),"none for the point estimate; WCB_SEED_BASE (42/43/44 by PC), WCB_DRAWS for SE, p and intervals",
TAB5-013,Table 5,"Table 5, note line 3, number of pre-signing years",7,scripts/03_h2_did_tables4_6_fig3.py,results/h2/parallel_trends.json,/parallel_trends_test/PC1/UK/df,"WCB_SEED_BASE (42/43/44 by PC), WCB_DRAWS (code/replication/seeds.py)",number of pre-signing event-study years
TAB5-014,Table 5,"Table 5, note line 4, base year",2021,scripts/03_h2_did_tables4_6_fig3.py,results/h2/parallel_trends.json,/base_year,"WCB_SEED_BASE (42/43/44 by PC), WCB_DRAWS (code/replication/seeds.py)",
TAB5-015,Table 5,"Table 5, note line 5, base year",2021,scripts/03_h2_did_tables4_6_fig3.py,results/h2/parallel_trends.json,/base_year,"WCB_SEED_BASE (42/43/44 by PC), WCB_DRAWS (code/replication/seeds.py)",
TAB6-001,Table 6,"Table 6, column header “2020系数”",2020,(parameter),code/replication/params.py,did_robustness.placebo_years.0,none,placebo cut year (analysis parameter)
TAB6-002,Table 6,"Table 6, column header “2020 p值”",2020,(parameter),code/replication/params.py,did_robustness.placebo_years.0,none,placebo cut year (analysis parameter)
TAB6-003,Table 6,"Table 6, column header “2021系数”",2021,(parameter),code/replication/params.py,did_robustness.placebo_years.1,none,placebo cut year (analysis parameter)
TAB6-004,Table 6,"Table 6, column header “2021 p值”",2021,(parameter),code/replication/params.py,did_robustness.placebo_years.1,none,placebo cut year (analysis parameter)
TAB6-005,Table 6,"Table 6, row PC1 UK, column coefficient (placebo cut 2020)",−0.0113,scripts/03_h2_did_tables4_6_fig3.py,results/h2/did.json,/model_4a_placebo_2020/PC1/UK_x_fake_post/coef,"none for the point estimate; WCB_SEED_BASE (42/43/44 by PC), WCB_DRAWS for SE, p and intervals",
TAB6-006,Table 6,"Table 6, row PC1 UK, column p value (placebo cut 2020)",0.569,scripts/03_h2_did_tables4_6_fig3.py,results/h2/did.json,/model_4a_placebo_2020/PC1/UK_x_fake_post/boot_p,"WCB_SEED_BASE (42/43/44 by PC), WCB_DRAWS (code/replication/seeds.py)",
TAB6-007,Table 6,"Table 6, row PC1 UK, column coefficient (placebo cut 2021)",0.0146,scripts/03_h2_did_tables4_6_fig3.py,results/h2/did.json,/model_4b_placebo_2021/PC1/UK_x_fake_post/coef,"none for the point estimate; WCB_SEED_BASE (42/43/44 by PC), WCB_DRAWS for SE, p and intervals",
TAB6-008,Table 6,"Table 6, row PC1 UK, column p value (placebo cut 2021)",0.584,scripts/03_h2_did_tables4_6_fig3.py,results/h2/did.json,/model_4b_placebo_2021/PC1/UK_x_fake_post/boot_p,"WCB_SEED_BASE (42/43/44 by PC), WCB_DRAWS (code/replication/seeds.py)",
TAB6-009,Table 6,"Table 6, row PC2 UK, column coefficient (placebo cut 2020)",0.0100,scripts/03_h2_did_tables4_6_fig3.py,results/h2/did.json,/model_4a_placebo_2020/PC2/UK_x_fake_post/coef,"none for the point estimate; WCB_SEED_BASE (42/43/44 by PC), WCB_DRAWS for SE, p and intervals",
TAB6-010,Table 6,"Table 6, row PC2 UK, column p value (placebo cut 2020)",0.544,scripts/03_h2_did_tables4_6_fig3.py,results/h2/did.json,/model_4a_placebo_2020/PC2/UK_x_fake_post/boot_p,"WCB_SEED_BASE (42/43/44 by PC), WCB_DRAWS (code/replication/seeds.py)",
TAB6-011,Table 6,"Table 6, row PC2 UK, column coefficient (placebo cut 2021)",0.0169,scripts/03_h2_did_tables4_6_fig3.py,results/h2/did.json,/model_4b_placebo_2021/PC2/UK_x_fake_post/coef,"none for the point estimate; WCB_SEED_BASE (42/43/44 by PC), WCB_DRAWS for SE, p and intervals",
TAB6-012,Table 6,"Table 6, row PC2 UK, column p value (placebo cut 2021)",0.422,scripts/03_h2_did_tables4_6_fig3.py,results/h2/did.json,/model_4b_placebo_2021/PC2/UK_x_fake_post/boot_p,"WCB_SEED_BASE (42/43/44 by PC), WCB_DRAWS (code/replication/seeds.py)",
TAB6-013,Table 6,"Table 6, row PC3 UK, column coefficient (placebo cut 2020)",−0.0646,scripts/03_h2_did_tables4_6_fig3.py,results/h2/did.json,/model_4a_placebo_2020/PC3/UK_x_fake_post/coef,"none for the point estimate; WCB_SEED_BASE (42/43/44 by PC), WCB_DRAWS for SE, p and intervals",
TAB6-014,Table 6,"Table 6, row PC3 UK, column p value (placebo cut 2020)",<0.001,scripts/03_h2_did_tables4_6_fig3.py,results/h2/did.json,/model_4a_placebo_2020/PC3/UK_x_fake_post/boot_p,"WCB_SEED_BASE (42/43/44 by PC), WCB_DRAWS (code/replication/seeds.py)",
TAB6-015,Table 6,"Table 6, row PC3 UK, column coefficient (placebo cut 2021)",−0.0577,scripts/03_h2_did_tables4_6_fig3.py,results/h2/did.json,/model_4b_placebo_2021/PC3/UK_x_fake_post/coef,"none for the point estimate; WCB_SEED_BASE (42/43/44 by PC), WCB_DRAWS for SE, p and intervals",
TAB6-016,Table 6,"Table 6, row PC3 UK, column p value (placebo cut 2021)",0.010,scripts/03_h2_did_tables4_6_fig3.py,results/h2/did.json,/model_4b_placebo_2021/PC3/UK_x_fake_post/boot_p,"WCB_SEED_BASE (42/43/44 by PC), WCB_DRAWS (code/replication/seeds.py)",
TAB6-017,Table 6,"Table 6, note line 2, bootstrap replications","1,000",scripts/03_h2_did_tables4_6_fig3.py,results/h2/wcb.json,/n_bootstrap,"WCB_SEED_BASE (42/43/44 by PC), WCB_DRAWS (code/replication/seeds.py)",
TAB7-001,Table 7,"Table 7, panel A, row own PCA first 88 components (main specification, from 2014), row label, number of components",88,scripts/03_h2_did_tables4_6_fig3.py,results/h2/meta.json,/n_pc,none (deterministic),
TAB7-002,Table 7,"Table 7, panel A, row own PCA first 88 components (main specification, from 2014), row label, sample start",2014,scripts/06_distance_table7.py,results/distance/deberta-v3-base.json,month_code_year(/params/first_month),"DISTANCE_SEED, DISTANCE_DRAWS (code/replication/seeds.py)",first month of the distance-analysis sample
TAB7-003,Table 7,"Table 7, panel A, row own PCA first 88 components (main specification, from 2014), column squared distance before signing, point estimate",0.02475,scripts/06_distance_table7.py,results/distance/summary.json,/rows/0/D2_pre,"DISTANCE_SEED, DISTANCE_DRAWS (code/replication/seeds.py)",
TAB7-004,Table 7,"Table 7, panel A, row own PCA first 88 components (main specification, from 2014), column squared distance before signing, lower 95% bound",0.02167,scripts/06_distance_table7.py,results/distance/summary.json,/rows/0/D2_pre_interval_95/0,"DISTANCE_SEED, DISTANCE_DRAWS (code/replication/seeds.py)",
TAB7-005,Table 7,"Table 7, panel A, row own PCA first 88 components (main specification, from 2014), column squared distance before signing, upper 95% bound",0.02780,scripts/06_distance_table7.py,results/distance/summary.json,/rows/0/D2_pre_interval_95/1,"DISTANCE_SEED, DISTANCE_DRAWS (code/replication/seeds.py)",
TAB7-006,Table 7,"Table 7, panel A, row own PCA first 88 components (main specification, from 2014), column squared distance after signing, point estimate",0.02779,scripts/06_distance_table7.py,results/distance/summary.json,/rows/0/D2_post,"DISTANCE_SEED, DISTANCE_DRAWS (code/replication/seeds.py)",
TAB7-007,Table 7,"Table 7, panel A, row own PCA first 88 components (main specification, from 2014), column squared distance after signing, lower 95% bound",0.02301,scripts/06_distance_table7.py,results/distance/summary.json,/rows/0/D2_post_interval_95/0,"DISTANCE_SEED, DISTANCE_DRAWS (code/replication/seeds.py)",
TAB7-008,Table 7,"Table 7, panel A, row own PCA first 88 components (main specification, from 2014), column squared distance after signing, upper 95% bound",0.03207,scripts/06_distance_table7.py,results/distance/summary.json,/rows/0/D2_post_interval_95/1,"DISTANCE_SEED, DISTANCE_DRAWS (code/replication/seeds.py)",
TAB7-009,Table 7,"Table 7, panel A, row own PCA first 88 components (main specification, from 2014), column change in squared distance",0.00304,scripts/06_distance_table7.py,results/distance/summary.json,/rows/0/delta_sq,"DISTANCE_SEED, DISTANCE_DRAWS (code/replication/seeds.py)",
TAB7-010,Table 7,"Table 7, panel A, row own PCA first 88 components (main specification, from 2014), column 95% interval of the change, lower bound",−0.00263,scripts/06_distance_table7.py,results/distance/summary.json,/rows/0/delta_sq_interval_95/0,"DISTANCE_SEED, DISTANCE_DRAWS (code/replication/seeds.py)",
TAB7-011,Table 7,"Table 7, panel A, row own PCA first 88 components (main specification, from 2014), column 95% interval of the change, upper bound",0.00827,scripts/06_distance_table7.py,results/distance/summary.json,/rows/0/delta_sq_interval_95/1,"DISTANCE_SEED, DISTANCE_DRAWS (code/replication/seeds.py)",
TAB7-012,Table 7,"Table 7, panel A, row own PCA first 88 components (main specification, from 2014), column p value",0.264,scripts/06_distance_table7.py,results/distance/summary.json,/rows/0/p,"DISTANCE_SEED, DISTANCE_DRAWS (code/replication/seeds.py)",
TAB7-013,Table 7,"Table 7, panel A, row full 768-dimensional space (from 2014), row label, dimension",768,(data bundle),data bundle: encodings/deberta-v3-base/targets_U.npy,npy_width(),none,width of the baseline encoder's hidden states in the encodings of the data bundle
TAB7-014,Table 7,"Table 7, panel A, row full 768-dimensional space (from 2014), row label, sample start",2014,scripts/06_distance_table7.py,results/distance/deberta-v3-base.json,month_code_year(/params/first_month),"DISTANCE_SEED, DISTANCE_DRAWS (code/replication/seeds.py)",first month of the distance-analysis sample
TAB7-015,Table 7,"Table 7, panel A, row full 768-dimensional space (from 2014), column squared distance before signing, point estimate",0.02489,scripts/06_distance_table7.py,results/distance/summary.json,/rows/4/D2_pre,"DISTANCE_SEED, DISTANCE_DRAWS (code/replication/seeds.py)",
TAB7-016,Table 7,"Table 7, panel A, row full 768-dimensional space (from 2014), column squared distance before signing, lower 95% bound",0.02181,scripts/06_distance_table7.py,results/distance/summary.json,/rows/4/D2_pre_interval_95/0,"DISTANCE_SEED, DISTANCE_DRAWS (code/replication/seeds.py)",
TAB7-017,Table 7,"Table 7, panel A, row full 768-dimensional space (from 2014), column squared distance before signing, upper 95% bound",0.02795,scripts/06_distance_table7.py,results/distance/summary.json,/rows/4/D2_pre_interval_95/1,"DISTANCE_SEED, DISTANCE_DRAWS (code/replication/seeds.py)",
TAB7-018,Table 7,"Table 7, panel A, row full 768-dimensional space (from 2014), column squared distance after signing, point estimate",0.02790,scripts/06_distance_table7.py,results/distance/summary.json,/rows/4/D2_post,"DISTANCE_SEED, DISTANCE_DRAWS (code/replication/seeds.py)",
TAB7-019,Table 7,"Table 7, panel A, row full 768-dimensional space (from 2014), column squared distance after signing, lower 95% bound",0.02311,scripts/06_distance_table7.py,results/distance/summary.json,/rows/4/D2_post_interval_95/0,"DISTANCE_SEED, DISTANCE_DRAWS (code/replication/seeds.py)",
TAB7-020,Table 7,"Table 7, panel A, row full 768-dimensional space (from 2014), column squared distance after signing, upper 95% bound",0.03219,scripts/06_distance_table7.py,results/distance/summary.json,/rows/4/D2_post_interval_95/1,"DISTANCE_SEED, DISTANCE_DRAWS (code/replication/seeds.py)",
TAB7-021,Table 7,"Table 7, panel A, row full 768-dimensional space (from 2014), column change in squared distance",0.00301,scripts/06_distance_table7.py,results/distance/summary.json,/rows/4/delta_sq,"DISTANCE_SEED, DISTANCE_DRAWS (code/replication/seeds.py)",
TAB7-022,Table 7,"Table 7, panel A, row full 768-dimensional space (from 2014), column 95% interval of the change, lower bound",−0.00266,scripts/06_distance_table7.py,results/distance/summary.json,/rows/4/delta_sq_interval_95/0,"DISTANCE_SEED, DISTANCE_DRAWS (code/replication/seeds.py)",
TAB7-023,Table 7,"Table 7, panel A, row full 768-dimensional space (from 2014), column 95% interval of the change, upper bound",0.00823,scripts/06_distance_table7.py,results/distance/summary.json,/rows/4/delta_sq_interval_95/1,"DISTANCE_SEED, DISTANCE_DRAWS (code/replication/seeds.py)",
TAB7-024,Table 7,"Table 7, panel A, row full 768-dimensional space (from 2014), column p value",0.268,scripts/06_distance_table7.py,results/distance/summary.json,/rows/4/p,"DISTANCE_SEED, DISTANCE_DRAWS (code/replication/seeds.py)",
TAB7-025,Table 7,"Table 7, panel A, row full sample (768 dimensions), row label, dimension",768,(data bundle),data bundle: encodings/deberta-v3-base/targets_U.npy,npy_width(),none,width of the baseline encoder's hidden states in the encodings of the data bundle
TAB7-026,Table 7,"Table 7, panel A, row full sample (768 dimensions), column squared distance before signing, point estimate",0.02189,scripts/06_distance_table7.py,results/distance/summary.json,/v1_sample/US_UK/pre/D2,"DISTANCE_SEED, DISTANCE_DRAWS (code/replication/seeds.py)",
TAB7-027,Table 7,"Table 7, panel A, row full sample (768 dimensions), column squared distance before signing, lower 95% bound",0.01973,scripts/06_distance_table7.py,results/distance/summary.json,/v1_sample/US_UK/pre/D2_interval_95/0,"DISTANCE_SEED, DISTANCE_DRAWS (code/replication/seeds.py)",
TAB7-028,Table 7,"Table 7, panel A, row full sample (768 dimensions), column squared distance before signing, upper 95% bound",0.02380,scripts/06_distance_table7.py,results/distance/summary.json,/v1_sample/US_UK/pre/D2_interval_95/1,"DISTANCE_SEED, DISTANCE_DRAWS (code/replication/seeds.py)",
TAB7-029,Table 7,"Table 7, panel A, row full sample (768 dimensions), column squared distance after signing, point estimate",0.02790,scripts/06_distance_table7.py,results/distance/summary.json,/v1_sample/US_UK/post/D2,"DISTANCE_SEED, DISTANCE_DRAWS (code/replication/seeds.py)",
TAB7-030,Table 7,"Table 7, panel A, row full sample (768 dimensions), column squared distance after signing, lower 95% bound",0.02353,scripts/06_distance_table7.py,results/distance/summary.json,/v1_sample/US_UK/post/D2_interval_95/0,"DISTANCE_SEED, DISTANCE_DRAWS (code/replication/seeds.py)",
TAB7-031,Table 7,"Table 7, panel A, row full sample (768 dimensions), column squared distance after signing, upper 95% bound",0.03230,scripts/06_distance_table7.py,results/distance/summary.json,/v1_sample/US_UK/post/D2_interval_95/1,"DISTANCE_SEED, DISTANCE_DRAWS (code/replication/seeds.py)",
TAB7-032,Table 7,"Table 7, panel A, row full sample (768 dimensions), column change in squared distance",0.00601,scripts/06_distance_table7.py,results/distance/summary.json,/v1_sample/US_UK/delta_sq/estimate,"DISTANCE_SEED, DISTANCE_DRAWS (code/replication/seeds.py)",
TAB7-033,Table 7,"Table 7, panel A, row full sample (768 dimensions), column 95% interval of the change, lower bound",0.00112,scripts/06_distance_table7.py,results/distance/summary.json,/v1_sample/US_UK/delta_sq/interval_95/0,"DISTANCE_SEED, DISTANCE_DRAWS (code/replication/seeds.py)",
TAB7-034,Table 7,"Table 7, panel A, row full sample (768 dimensions), column 95% interval of the change, upper bound",0.01084,scripts/06_distance_table7.py,results/distance/summary.json,/v1_sample/US_UK/delta_sq/interval_95/1,"DISTANCE_SEED, DISTANCE_DRAWS (code/replication/seeds.py)",
TAB7-035,Table 7,"Table 7, panel A, row full sample (768 dimensions), column p value",0.013,scripts/06_distance_table7.py,results/distance/summary.json,/v1_sample/US_UK/delta_sq/p,"DISTANCE_SEED, DISTANCE_DRAWS (code/replication/seeds.py)",
TAB7-036,Table 7,"Table 7, panel B heading, number of components",88,scripts/03_h2_did_tables4_6_fig3.py,results/h2/meta.json,/n_pc,none (deterministic),
TAB7-037,Table 7,"Table 7, panel B heading, sample start",2014,scripts/06_distance_table7.py,results/distance/deberta-v3-base.json,month_code_year(/params/first_month),"DISTANCE_SEED, DISTANCE_DRAWS (code/replication/seeds.py)",first month of the distance-analysis sample
TAB7-038,Table 7,"Table 7, panel B, row ModernBERT-large, column squared distance before signing, point estimate",0.02734,scripts/06_distance_table7.py,results/distance/summary.json,/rows/5/D2_pre,"DISTANCE_SEED, DISTANCE_DRAWS (code/replication/seeds.py)",
TAB7-039,Table 7,"Table 7, panel B, row ModernBERT-large, column squared distance before signing, lower 95% bound",0.02233,scripts/06_distance_table7.py,results/distance/summary.json,/rows/5/D2_pre_interval_95/0,"DISTANCE_SEED, DISTANCE_DRAWS (code/replication/seeds.py)",
TAB7-040,Table 7,"Table 7, panel B, row ModernBERT-large, column squared distance before signing, upper 95% bound",0.03206,scripts/06_distance_table7.py,results/distance/summary.json,/rows/5/D2_pre_interval_95/1,"DISTANCE_SEED, DISTANCE_DRAWS (code/replication/seeds.py)",
TAB7-041,Table 7,"Table 7, panel B, row ModernBERT-large, column squared distance after signing, point estimate",0.03156,scripts/06_distance_table7.py,results/distance/summary.json,/rows/5/D2_post,"DISTANCE_SEED, DISTANCE_DRAWS (code/replication/seeds.py)",
TAB7-042,Table 7,"Table 7, panel B, row ModernBERT-large, column squared distance after signing, lower 95% bound",0.02239,scripts/06_distance_table7.py,results/distance/summary.json,/rows/5/D2_post_interval_95/0,"DISTANCE_SEED, DISTANCE_DRAWS (code/replication/seeds.py)",
TAB7-043,Table 7,"Table 7, panel B, row ModernBERT-large, column squared distance after signing, upper 95% bound",0.03913,scripts/06_distance_table7.py,results/distance/summary.json,/rows/5/D2_post_interval_95/1,"DISTANCE_SEED, DISTANCE_DRAWS (code/replication/seeds.py)",
TAB7-044,Table 7,"Table 7, panel B, row ModernBERT-large, column change in squared distance",0.00422,scripts/06_distance_table7.py,results/distance/summary.json,/rows/5/delta_sq,"DISTANCE_SEED, DISTANCE_DRAWS (code/replication/seeds.py)",
TAB7-045,Table 7,"Table 7, panel B, row ModernBERT-large, column 95% interval of the change, lower bound",−0.00589,scripts/06_distance_table7.py,results/distance/summary.json,/rows/5/delta_sq_interval_95/0,"DISTANCE_SEED, DISTANCE_DRAWS (code/replication/seeds.py)",
TAB7-046,Table 7,"Table 7, panel B, row ModernBERT-large, column 95% interval of the change, upper bound",0.01343,scripts/06_distance_table7.py,results/distance/summary.json,/rows/5/delta_sq_interval_95/1,"DISTANCE_SEED, DISTANCE_DRAWS (code/replication/seeds.py)",
TAB7-047,Table 7,"Table 7, panel B, row ModernBERT-large, column p value",0.398,scripts/06_distance_table7.py,results/distance/summary.json,/rows/5/p,"DISTANCE_SEED, DISTANCE_DRAWS (code/replication/seeds.py)",
TAB7-048,Table 7,"Table 7, panel B, row RoBERTa-large, column squared distance before signing, point estimate",0.02399,scripts/06_distance_table7.py,results/distance/summary.json,/rows/6/D2_pre,"DISTANCE_SEED, DISTANCE_DRAWS (code/replication/seeds.py)",
TAB7-049,Table 7,"Table 7, panel B, row RoBERTa-large, column squared distance before signing, lower 95% bound",0.01991,scripts/06_distance_table7.py,results/distance/summary.json,/rows/6/D2_pre_interval_95/0,"DISTANCE_SEED, DISTANCE_DRAWS (code/replication/seeds.py)",
TAB7-050,Table 7,"Table 7, panel B, row RoBERTa-large, column squared distance before signing, upper 95% bound",0.02788,scripts/06_distance_table7.py,results/distance/summary.json,/rows/6/D2_pre_interval_95/1,"DISTANCE_SEED, DISTANCE_DRAWS (code/replication/seeds.py)",
TAB7-051,Table 7,"Table 7, panel B, row RoBERTa-large, column squared distance after signing, point estimate",0.03164,scripts/06_distance_table7.py,results/distance/summary.json,/rows/6/D2_post,"DISTANCE_SEED, DISTANCE_DRAWS (code/replication/seeds.py)",
TAB7-052,Table 7,"Table 7, panel B, row RoBERTa-large, column squared distance after signing, lower 95% bound",0.02181,scripts/06_distance_table7.py,results/distance/summary.json,/rows/6/D2_post_interval_95/0,"DISTANCE_SEED, DISTANCE_DRAWS (code/replication/seeds.py)",
TAB7-053,Table 7,"Table 7, panel B, row RoBERTa-large, column squared distance after signing, upper 95% bound",0.03953,scripts/06_distance_table7.py,results/distance/summary.json,/rows/6/D2_post_interval_95/1,"DISTANCE_SEED, DISTANCE_DRAWS (code/replication/seeds.py)",
TAB7-054,Table 7,"Table 7, panel B, row RoBERTa-large, column change in squared distance",0.00766,scripts/06_distance_table7.py,results/distance/summary.json,/rows/6/delta_sq,"DISTANCE_SEED, DISTANCE_DRAWS (code/replication/seeds.py)",
TAB7-055,Table 7,"Table 7, panel B, row RoBERTa-large, column 95% interval of the change, lower bound",−0.00253,scripts/06_distance_table7.py,results/distance/summary.json,/rows/6/delta_sq_interval_95/0,"DISTANCE_SEED, DISTANCE_DRAWS (code/replication/seeds.py)",
TAB7-056,Table 7,"Table 7, panel B, row RoBERTa-large, column 95% interval of the change, upper bound",0.01678,scripts/06_distance_table7.py,results/distance/summary.json,/rows/6/delta_sq_interval_95/1,"DISTANCE_SEED, DISTANCE_DRAWS (code/replication/seeds.py)",
TAB7-057,Table 7,"Table 7, panel B, row RoBERTa-large, column p value",0.119,scripts/06_distance_table7.py,results/distance/summary.json,/rows/6/p,"DISTANCE_SEED, DISTANCE_DRAWS (code/replication/seeds.py)",
TAB7-058,Table 7,"Table 7, panel B, row Ettin-encoder-1b, column squared distance before signing, point estimate",0.02560,scripts/06_distance_table7.py,results/distance/summary.json,/rows/7/D2_pre,"DISTANCE_SEED, DISTANCE_DRAWS (code/replication/seeds.py)",
TAB7-059,Table 7,"Table 7, panel B, row Ettin-encoder-1b, column squared distance before signing, lower 95% bound",0.02110,scripts/06_distance_table7.py,results/distance/summary.json,/rows/7/D2_pre_interval_95/0,"DISTANCE_SEED, DISTANCE_DRAWS (code/replication/seeds.py)",
TAB7-060,Table 7,"Table 7, panel B, row Ettin-encoder-1b, column squared distance before signing, upper 95% bound",0.02968,scripts/06_distance_table7.py,results/distance/summary.json,/rows/7/D2_pre_interval_95/1,"DISTANCE_SEED, DISTANCE_DRAWS (code/replication/seeds.py)",
TAB7-061,Table 7,"Table 7, panel B, row Ettin-encoder-1b, column squared distance after signing, point estimate",0.03405,scripts/06_distance_table7.py,results/distance/summary.json,/rows/7/D2_post,"DISTANCE_SEED, DISTANCE_DRAWS (code/replication/seeds.py)",
TAB7-062,Table 7,"Table 7, panel B, row Ettin-encoder-1b, column squared distance after signing, lower 95% bound",0.02320,scripts/06_distance_table7.py,results/distance/summary.json,/rows/7/D2_post_interval_95/0,"DISTANCE_SEED, DISTANCE_DRAWS (code/replication/seeds.py)",
TAB7-063,Table 7,"Table 7, panel B, row Ettin-encoder-1b, column squared distance after signing, upper 95% bound",0.04317,scripts/06_distance_table7.py,results/distance/summary.json,/rows/7/D2_post_interval_95/1,"DISTANCE_SEED, DISTANCE_DRAWS (code/replication/seeds.py)",
TAB7-064,Table 7,"Table 7, panel B, row Ettin-encoder-1b, column change in squared distance",0.00845,scripts/06_distance_table7.py,results/distance/summary.json,/rows/7/delta_sq,"DISTANCE_SEED, DISTANCE_DRAWS (code/replication/seeds.py)",
TAB7-065,Table 7,"Table 7, panel B, row Ettin-encoder-1b, column 95% interval of the change, lower bound",−0.00300,scripts/06_distance_table7.py,results/distance/summary.json,/rows/7/delta_sq_interval_95/0,"DISTANCE_SEED, DISTANCE_DRAWS (code/replication/seeds.py)",
TAB7-066,Table 7,"Table 7, panel B, row Ettin-encoder-1b, column 95% interval of the change, upper bound",0.01875,scripts/06_distance_table7.py,results/distance/summary.json,/rows/7/delta_sq_interval_95/1,"DISTANCE_SEED, DISTANCE_DRAWS (code/replication/seeds.py)",
TAB7-067,Table 7,"Table 7, panel B, row Ettin-encoder-1b, column p value",0.124,scripts/06_distance_table7.py,results/distance/summary.json,/rows/7/p,"DISTANCE_SEED, DISTANCE_DRAWS (code/replication/seeds.py)",
TAB7-068,Table 7,"Table 7, panel B, row DeBERTa-v2-xlarge, column squared distance before signing, point estimate",0.02861,scripts/06_distance_table7.py,results/distance/summary.json,/rows/8/D2_pre,"DISTANCE_SEED, DISTANCE_DRAWS (code/replication/seeds.py)",
TAB7-069,Table 7,"Table 7, panel B, row DeBERTa-v2-xlarge, column squared distance before signing, lower 95% bound",0.02326,scripts/06_distance_table7.py,results/distance/summary.json,/rows/8/D2_pre_interval_95/0,"DISTANCE_SEED, DISTANCE_DRAWS (code/replication/seeds.py)",
TAB7-070,Table 7,"Table 7, panel B, row DeBERTa-v2-xlarge, column squared distance before signing, upper 95% bound",0.03343,scripts/06_distance_table7.py,results/distance/summary.json,/rows/8/D2_pre_interval_95/1,"DISTANCE_SEED, DISTANCE_DRAWS (code/replication/seeds.py)",
TAB7-071,Table 7,"Table 7, panel B, row DeBERTa-v2-xlarge, column squared distance after signing, point estimate",0.03881,scripts/06_distance_table7.py,results/distance/summary.json,/rows/8/D2_post,"DISTANCE_SEED, DISTANCE_DRAWS (code/replication/seeds.py)",
TAB7-072,Table 7,"Table 7, panel B, row DeBERTa-v2-xlarge, column squared distance after signing, lower 95% bound",0.02755,scripts/06_distance_table7.py,results/distance/summary.json,/rows/8/D2_post_interval_95/0,"DISTANCE_SEED, DISTANCE_DRAWS (code/replication/seeds.py)",
TAB7-073,Table 7,"Table 7, panel B, row DeBERTa-v2-xlarge, column squared distance after signing, upper 95% bound",0.04848,scripts/06_distance_table7.py,results/distance/summary.json,/rows/8/D2_post_interval_95/1,"DISTANCE_SEED, DISTANCE_DRAWS (code/replication/seeds.py)",
TAB7-074,Table 7,"Table 7, panel B, row DeBERTa-v2-xlarge, column change in squared distance",0.01020,scripts/06_distance_table7.py,results/distance/summary.json,/rows/8/delta_sq,"DISTANCE_SEED, DISTANCE_DRAWS (code/replication/seeds.py)",
TAB7-075,Table 7,"Table 7, panel B, row DeBERTa-v2-xlarge, column 95% interval of the change, lower bound",−0.00210,scripts/06_distance_table7.py,results/distance/summary.json,/rows/8/delta_sq_interval_95/0,"DISTANCE_SEED, DISTANCE_DRAWS (code/replication/seeds.py)",
TAB7-076,Table 7,"Table 7, panel B, row DeBERTa-v2-xlarge, column 95% interval of the change, upper bound",0.02138,scripts/06_distance_table7.py,results/distance/summary.json,/rows/8/delta_sq_interval_95/1,"DISTANCE_SEED, DISTANCE_DRAWS (code/replication/seeds.py)",
TAB7-077,Table 7,"Table 7, panel B, row DeBERTa-v2-xlarge, column p value",0.088,scripts/06_distance_table7.py,results/distance/summary.json,/rows/8/p,"DISTANCE_SEED, DISTANCE_DRAWS (code/replication/seeds.py)",
TAB7-078,Table 7,"Table 7, note line 2, bootstrap replications","2,000",scripts/06_distance_table7.py,results/distance/deberta-v3-base.json,/bootstrap/B,"DISTANCE_SEED, DISTANCE_DRAWS (code/replication/seeds.py)",
TAB7-079,Table 7,"Table 7, note line 2, random seed",20260929,scripts/06_distance_table7.py,results/distance/deberta-v3-base.json,/bootstrap/seed,"DISTANCE_SEED, DISTANCE_DRAWS (code/replication/seeds.py)",
TAB7-080,Table 7,"Table 7, note line 4, full sample, UK first month",2004.11,scripts/06_distance_table7.py,results/distance/summary.json,month_code_ym(/v1_sample/sample/first_month/UK),"DISTANCE_SEED, DISTANCE_DRAWS (code/replication/seeds.py)",
TAB7-081,Table 7,"Table 7, note line 4, full sample, US first month",2014.07,scripts/06_distance_table7.py,results/distance/summary.json,month_code_ym(/v1_sample/sample/first_month/US),"DISTANCE_SEED, DISTANCE_DRAWS (code/replication/seeds.py)",
TAB7-082,Table 7,"Table 7, note line 4, other rows, first month",2014.01,scripts/06_distance_table7.py,results/distance/deberta-v3-base.json,month_code_ym(/params/first_month),"DISTANCE_SEED, DISTANCE_DRAWS (code/replication/seeds.py)",
TAB7-083,Table 7,"Table 7, note line 4, other rows, last month",2025.11,scripts/06_distance_table7.py,results/distance/deberta-v3-base.json,month_code_ym(/params/last_month),"DISTANCE_SEED, DISTANCE_DRAWS (code/replication/seeds.py)",
TAB7-084,Table 7,"Table 7, note line 4, first post-signing month",2021.09,scripts/06_distance_table7.py,results/distance/deberta-v3-base.json,month_code_ym(/params/cutoff_month),"DISTANCE_SEED, DISTANCE_DRAWS (code/replication/seeds.py)",
TAB8-001,Table 8,"Table 8, row baseline encoder (common-support sample), column |cos|",1.000,scripts/05_cross_encoder_table8.py,results/cross_encoder/cross_encoder.json,/reporting/e0_common_support_baseline/orientation/cos_pc1,"WCB_SEED_BASE, WCB_DRAWS; RERUN_SEED, RERUN_DRAWS (code/replication/seeds.py)",
TAB8-002,Table 8,"Table 8, row baseline encoder (common-support sample), reference axes, column beta [95% interval], point estimate",0.0334,scripts/05_cross_encoder_table8.py,results/cross_encoder/cross_encoder.json,/reporting/e0_common_support_baseline/same_axis_PC1/effect_consistency/coef,"WCB_SEED_BASE, WCB_DRAWS; RERUN_SEED, RERUN_DRAWS (code/replication/seeds.py)",
TAB8-003,Table 8,"Table 8, row baseline encoder (common-support sample), reference axes, column beta [95% interval], lower 95% bound",0.0074,scripts/05_cross_encoder_table8.py,results/cross_encoder/cross_encoder.json,/reporting/e0_common_support_baseline/same_axis_PC1/effect_consistency/interval_95/0,"WCB_SEED_BASE, WCB_DRAWS; RERUN_SEED, RERUN_DRAWS (code/replication/seeds.py)",
TAB8-004,Table 8,"Table 8, row baseline encoder (common-support sample), reference axes, column beta [95% interval], upper 95% bound",0.0594,scripts/05_cross_encoder_table8.py,results/cross_encoder/cross_encoder.json,/reporting/e0_common_support_baseline/same_axis_PC1/effect_consistency/interval_95/1,"WCB_SEED_BASE, WCB_DRAWS; RERUN_SEED, RERUN_DRAWS (code/replication/seeds.py)",
TAB8-005,Table 8,"Table 8, row baseline encoder (common-support sample), reference axes, column p value (Holm p), p value",0.010,scripts/05_cross_encoder_table8.py,results/cross_encoder/cross_encoder.json,/reporting/e0_common_support_baseline/same_axis_PC1/primary/p,"WCB_SEED_BASE, WCB_DRAWS; RERUN_SEED, RERUN_DRAWS (code/replication/seeds.py)",
TAB8-006,Table 8,"Table 8, row baseline encoder (common-support sample), own components, column beta [95% interval], point estimate",0.0332,scripts/05_cross_encoder_table8.py,results/cross_encoder/cross_encoder.json,/reporting/e0_common_support_baseline/same_procedure_PC1/effect_consistency/coef,"WCB_SEED_BASE, WCB_DRAWS; RERUN_SEED, RERUN_DRAWS (code/replication/seeds.py)",
TAB8-007,Table 8,"Table 8, row baseline encoder (common-support sample), own components, column beta [95% interval], lower 95% bound",0.0072,scripts/05_cross_encoder_table8.py,results/cross_encoder/cross_encoder.json,/reporting/e0_common_support_baseline/same_procedure_PC1/effect_consistency/interval_95/0,"WCB_SEED_BASE, WCB_DRAWS; RERUN_SEED, RERUN_DRAWS (code/replication/seeds.py)",
TAB8-008,Table 8,"Table 8, row baseline encoder (common-support sample), own components, column beta [95% interval], upper 95% bound",0.0592,scripts/05_cross_encoder_table8.py,results/cross_encoder/cross_encoder.json,/reporting/e0_common_support_baseline/same_procedure_PC1/effect_consistency/interval_95/1,"WCB_SEED_BASE, WCB_DRAWS; RERUN_SEED, RERUN_DRAWS (code/replication/seeds.py)",
TAB8-009,Table 8,"Table 8, row baseline encoder (common-support sample), own components, column p value (Holm p), p value",0.012,scripts/05_cross_encoder_table8.py,results/cross_encoder/cross_encoder.json,/reporting/e0_common_support_baseline/same_procedure_PC1/primary/p,"WCB_SEED_BASE, WCB_DRAWS; RERUN_SEED, RERUN_DRAWS (code/replication/seeds.py)",
TAB8-010,Table 8,"Table 8, row ModernBERT-large, column |cos|",0.021,scripts/05_cross_encoder_table8.py,results/cross_encoder/cross_encoder.json,/rows/ModernBERT-large/orientation/abs_cos_pc1,"WCB_SEED_BASE, WCB_DRAWS; RERUN_SEED, RERUN_DRAWS (code/replication/seeds.py)",
TAB8-011,Table 8,"Table 8, row ModernBERT-large, reference axes, column beta [95% interval], point estimate",0.0434,scripts/05_cross_encoder_table8.py,results/cross_encoder/cross_encoder.json,/reporting/effect_consistency/same_axis/ModernBERT-large/coef,"WCB_SEED_BASE, WCB_DRAWS; RERUN_SEED, RERUN_DRAWS (code/replication/seeds.py)",
TAB8-012,Table 8,"Table 8, row ModernBERT-large, reference axes, column beta [95% interval], lower 95% bound",0.0142,scripts/05_cross_encoder_table8.py,results/cross_encoder/cross_encoder.json,/reporting/effect_consistency/same_axis/ModernBERT-large/interval_95/0,"WCB_SEED_BASE, WCB_DRAWS; RERUN_SEED, RERUN_DRAWS (code/replication/seeds.py)",
TAB8-013,Table 8,"Table 8, row ModernBERT-large, reference axes, column beta [95% interval], upper 95% bound",0.0725,scripts/05_cross_encoder_table8.py,results/cross_encoder/cross_encoder.json,/reporting/effect_consistency/same_axis/ModernBERT-large/interval_95/1,"WCB_SEED_BASE, WCB_DRAWS; RERUN_SEED, RERUN_DRAWS (code/replication/seeds.py)",
TAB8-014,Table 8,"Table 8, row ModernBERT-large, reference axes, column p value (Holm p), p value",<0.001,scripts/05_cross_encoder_table8.py,results/cross_encoder/cross_encoder.json,"/families/same_axis (PC1, Holm over 4)/raw/ModernBERT-large","WCB_SEED_BASE, WCB_DRAWS; RERUN_SEED, RERUN_DRAWS (code/replication/seeds.py)",
TAB8-015,Table 8,"Table 8, row ModernBERT-large, reference axes, column p value (Holm p), Holm-adjusted p value",<0.001,scripts/05_cross_encoder_table8.py,results/cross_encoder/cross_encoder.json,"/families/same_axis (PC1, Holm over 4)/holm/ModernBERT-large","WCB_SEED_BASE, WCB_DRAWS; RERUN_SEED, RERUN_DRAWS (code/replication/seeds.py)",
TAB8-016,Table 8,"Table 8, row ModernBERT-large, own components, column beta [95% interval], point estimate",−0.0063,scripts/05_cross_encoder_table8.py,results/cross_encoder/cross_encoder.json,/reporting/effect_consistency/same_procedure/ModernBERT-large/coef,"WCB_SEED_BASE, WCB_DRAWS; RERUN_SEED, RERUN_DRAWS (code/replication/seeds.py)",
TAB8-017,Table 8,"Table 8, row ModernBERT-large, own components, column beta [95% interval], lower 95% bound",−0.0450,scripts/05_cross_encoder_table8.py,results/cross_encoder/cross_encoder.json,/reporting/effect_consistency/same_procedure/ModernBERT-large/interval_95/0,"WCB_SEED_BASE, WCB_DRAWS; RERUN_SEED, RERUN_DRAWS (code/replication/seeds.py)",
TAB8-018,Table 8,"Table 8, row ModernBERT-large, own components, column beta [95% interval], upper 95% bound",0.0325,scripts/05_cross_encoder_table8.py,results/cross_encoder/cross_encoder.json,/reporting/effect_consistency/same_procedure/ModernBERT-large/interval_95/1,"WCB_SEED_BASE, WCB_DRAWS; RERUN_SEED, RERUN_DRAWS (code/replication/seeds.py)",
TAB8-019,Table 8,"Table 8, row ModernBERT-large, own components, column p value (Holm p), p value",0.737,scripts/05_cross_encoder_table8.py,results/cross_encoder/cross_encoder.json,"/families/same_procedure (PC1, Holm over 4)/raw/ModernBERT-large","WCB_SEED_BASE, WCB_DRAWS; RERUN_SEED, RERUN_DRAWS (code/replication/seeds.py)",
TAB8-020,Table 8,"Table 8, row ModernBERT-large, own components, column p value (Holm p), Holm-adjusted p value",0.737,scripts/05_cross_encoder_table8.py,results/cross_encoder/cross_encoder.json,"/families/same_procedure (PC1, Holm over 4)/holm/ModernBERT-large","WCB_SEED_BASE, WCB_DRAWS; RERUN_SEED, RERUN_DRAWS (code/replication/seeds.py)",
TAB8-021,Table 8,"Table 8, row ModernBERT-large, own components, column verdict, direction threshold",<0.30,(parameter),code/replication/params.py,orientation.primary_threshold,none,orientation threshold (analysis parameter)
TAB8-022,Table 8,"Table 8, row RoBERTa-large, column |cos|",0.367,scripts/05_cross_encoder_table8.py,results/cross_encoder/cross_encoder.json,/rows/roberta-large/orientation/abs_cos_pc1,"WCB_SEED_BASE, WCB_DRAWS; RERUN_SEED, RERUN_DRAWS (code/replication/seeds.py)",
TAB8-023,Table 8,"Table 8, row RoBERTa-large, reference axes, column beta [95% interval], point estimate",0.0505,scripts/05_cross_encoder_table8.py,results/cross_encoder/cross_encoder.json,/reporting/effect_consistency/same_axis/roberta-large/coef,"WCB_SEED_BASE, WCB_DRAWS; RERUN_SEED, RERUN_DRAWS (code/replication/seeds.py)",
TAB8-024,Table 8,"Table 8, row RoBERTa-large, reference axes, column beta [95% interval], lower 95% bound",0.0225,scripts/05_cross_encoder_table8.py,results/cross_encoder/cross_encoder.json,/reporting/effect_consistency/same_axis/roberta-large/interval_95/0,"WCB_SEED_BASE, WCB_DRAWS; RERUN_SEED, RERUN_DRAWS (code/replication/seeds.py)",
TAB8-025,Table 8,"Table 8, row RoBERTa-large, reference axes, column beta [95% interval], upper 95% bound",0.0785,scripts/05_cross_encoder_table8.py,results/cross_encoder/cross_encoder.json,/reporting/effect_consistency/same_axis/roberta-large/interval_95/1,"WCB_SEED_BASE, WCB_DRAWS; RERUN_SEED, RERUN_DRAWS (code/replication/seeds.py)",
TAB8-026,Table 8,"Table 8, row RoBERTa-large, reference axes, column p value (Holm p), p value",<0.001,scripts/05_cross_encoder_table8.py,results/cross_encoder/cross_encoder.json,"/families/same_axis (PC1, Holm over 4)/raw/roberta-large","WCB_SEED_BASE, WCB_DRAWS; RERUN_SEED, RERUN_DRAWS (code/replication/seeds.py)",
TAB8-027,Table 8,"Table 8, row RoBERTa-large, reference axes, column p value (Holm p), Holm-adjusted p value",<0.001,scripts/05_cross_encoder_table8.py,results/cross_encoder/cross_encoder.json,"/families/same_axis (PC1, Holm over 4)/holm/roberta-large","WCB_SEED_BASE, WCB_DRAWS; RERUN_SEED, RERUN_DRAWS (code/replication/seeds.py)",
TAB8-028,Table 8,"Table 8, row RoBERTa-large, own components, column beta [95% interval], point estimate",0.0361,scripts/05_cross_encoder_table8.py,results/cross_encoder/cross_encoder.json,/reporting/effect_consistency/same_procedure/roberta-large/coef,"WCB_SEED_BASE, WCB_DRAWS; RERUN_SEED, RERUN_DRAWS (code/replication/seeds.py)",
TAB8-029,Table 8,"Table 8, row RoBERTa-large, own components, column beta [95% interval], lower 95% bound",−0.0014,scripts/05_cross_encoder_table8.py,results/cross_encoder/cross_encoder.json,/reporting/effect_consistency/same_procedure/roberta-large/interval_95/0,"WCB_SEED_BASE, WCB_DRAWS; RERUN_SEED, RERUN_DRAWS (code/replication/seeds.py)",
TAB8-030,Table 8,"Table 8, row RoBERTa-large, own components, column beta [95% interval], upper 95% bound",0.0735,scripts/05_cross_encoder_table8.py,results/cross_encoder/cross_encoder.json,/reporting/effect_consistency/same_procedure/roberta-large/interval_95/1,"WCB_SEED_BASE, WCB_DRAWS; RERUN_SEED, RERUN_DRAWS (code/replication/seeds.py)",
TAB8-031,Table 8,"Table 8, row RoBERTa-large, own components, column p value (Holm p), p value",0.064,scripts/05_cross_encoder_table8.py,results/cross_encoder/cross_encoder.json,"/families/same_procedure (PC1, Holm over 4)/raw/roberta-large","WCB_SEED_BASE, WCB_DRAWS; RERUN_SEED, RERUN_DRAWS (code/replication/seeds.py)",
TAB8-032,Table 8,"Table 8, row RoBERTa-large, own components, column p value (Holm p), Holm-adjusted p value",0.128,scripts/05_cross_encoder_table8.py,results/cross_encoder/cross_encoder.json,"/families/same_procedure (PC1, Holm over 4)/holm/roberta-large","WCB_SEED_BASE, WCB_DRAWS; RERUN_SEED, RERUN_DRAWS (code/replication/seeds.py)",
TAB8-033,Table 8,"Table 8, row Ettin-encoder-1b, column |cos|",0.457,scripts/05_cross_encoder_table8.py,results/cross_encoder/cross_encoder.json,/rows/ettin-encoder-1b/orientation/abs_cos_pc1,"WCB_SEED_BASE, WCB_DRAWS; RERUN_SEED, RERUN_DRAWS (code/replication/seeds.py)",
TAB8-034,Table 8,"Table 8, row Ettin-encoder-1b, reference axes, column beta [95% interval], point estimate",0.0674,scripts/05_cross_encoder_table8.py,results/cross_encoder/cross_encoder.json,/reporting/effect_consistency/same_axis/ettin-encoder-1b/coef,"WCB_SEED_BASE, WCB_DRAWS; RERUN_SEED, RERUN_DRAWS (code/replication/seeds.py)",
TAB8-035,Table 8,"Table 8, row Ettin-encoder-1b, reference axes, column beta [95% interval], lower 95% bound",0.0380,scripts/05_cross_encoder_table8.py,results/cross_encoder/cross_encoder.json,/reporting/effect_consistency/same_axis/ettin-encoder-1b/interval_95/0,"WCB_SEED_BASE, WCB_DRAWS; RERUN_SEED, RERUN_DRAWS (code/replication/seeds.py)",
TAB8-036,Table 8,"Table 8, row Ettin-encoder-1b, reference axes, column beta [95% interval], upper 95% bound",0.0968,scripts/05_cross_encoder_table8.py,results/cross_encoder/cross_encoder.json,/reporting/effect_consistency/same_axis/ettin-encoder-1b/interval_95/1,"WCB_SEED_BASE, WCB_DRAWS; RERUN_SEED, RERUN_DRAWS (code/replication/seeds.py)",
TAB8-037,Table 8,"Table 8, row Ettin-encoder-1b, reference axes, column p value (Holm p), p value",<0.001,scripts/05_cross_encoder_table8.py,results/cross_encoder/cross_encoder.json,"/families/same_axis (PC1, Holm over 4)/raw/ettin-encoder-1b","WCB_SEED_BASE, WCB_DRAWS; RERUN_SEED, RERUN_DRAWS (code/replication/seeds.py)",
TAB8-038,Table 8,"Table 8, row Ettin-encoder-1b, reference axes, column p value (Holm p), Holm-adjusted p value",<0.001,scripts/05_cross_encoder_table8.py,results/cross_encoder/cross_encoder.json,"/families/same_axis (PC1, Holm over 4)/holm/ettin-encoder-1b","WCB_SEED_BASE, WCB_DRAWS; RERUN_SEED, RERUN_DRAWS (code/replication/seeds.py)",
TAB8-039,Table 8,"Table 8, row Ettin-encoder-1b, own components, column beta [95% interval], point estimate",0.1021,scripts/05_cross_encoder_table8.py,results/cross_encoder/cross_encoder.json,/reporting/effect_consistency/same_procedure/ettin-encoder-1b/coef,"WCB_SEED_BASE, WCB_DRAWS; RERUN_SEED, RERUN_DRAWS (code/replication/seeds.py)",
TAB8-040,Table 8,"Table 8, row Ettin-encoder-1b, own components, column beta [95% interval], lower 95% bound",0.0634,scripts/05_cross_encoder_table8.py,results/cross_encoder/cross_encoder.json,/reporting/effect_consistency/same_procedure/ettin-encoder-1b/interval_95/0,"WCB_SEED_BASE, WCB_DRAWS; RERUN_SEED, RERUN_DRAWS (code/replication/seeds.py)",
TAB8-041,Table 8,"Table 8, row Ettin-encoder-1b, own components, column beta [95% interval], upper 95% bound",0.1409,scripts/05_cross_encoder_table8.py,results/cross_encoder/cross_encoder.json,/reporting/effect_consistency/same_procedure/ettin-encoder-1b/interval_95/1,"WCB_SEED_BASE, WCB_DRAWS; RERUN_SEED, RERUN_DRAWS (code/replication/seeds.py)",
TAB8-042,Table 8,"Table 8, row Ettin-encoder-1b, own components, column p value (Holm p), p value",<0.001,scripts/05_cross_encoder_table8.py,results/cross_encoder/cross_encoder.json,"/families/same_procedure (PC1, Holm over 4)/raw/ettin-encoder-1b","WCB_SEED_BASE, WCB_DRAWS; RERUN_SEED, RERUN_DRAWS (code/replication/seeds.py)",
TAB8-043,Table 8,"Table 8, row Ettin-encoder-1b, own components, column p value (Holm p), Holm-adjusted p value",<0.001,scripts/05_cross_encoder_table8.py,results/cross_encoder/cross_encoder.json,"/families/same_procedure (PC1, Holm over 4)/holm/ettin-encoder-1b","WCB_SEED_BASE, WCB_DRAWS; RERUN_SEED, RERUN_DRAWS (code/replication/seeds.py)",
TAB8-044,Table 8,"Table 8, row DeBERTa-v2-xlarge, column |cos|",0.234,scripts/05_cross_encoder_table8.py,results/cross_encoder/cross_encoder.json,/rows/deberta-v2-xlarge/orientation/abs_cos_pc1,"WCB_SEED_BASE, WCB_DRAWS; RERUN_SEED, RERUN_DRAWS (code/replication/seeds.py)",
TAB8-045,Table 8,"Table 8, row DeBERTa-v2-xlarge, reference axes, column beta [95% interval], point estimate",0.0537,scripts/05_cross_encoder_table8.py,results/cross_encoder/cross_encoder.json,/reporting/effect_consistency/same_axis/deberta-v2-xlarge/coef,"WCB_SEED_BASE, WCB_DRAWS; RERUN_SEED, RERUN_DRAWS (code/replication/seeds.py)",
TAB8-046,Table 8,"Table 8, row DeBERTa-v2-xlarge, reference axes, column beta [95% interval], lower 95% bound",0.0259,scripts/05_cross_encoder_table8.py,results/cross_encoder/cross_encoder.json,/reporting/effect_consistency/same_axis/deberta-v2-xlarge/interval_95/0,"WCB_SEED_BASE, WCB_DRAWS; RERUN_SEED, RERUN_DRAWS (code/replication/seeds.py)",
TAB8-047,Table 8,"Table 8, row DeBERTa-v2-xlarge, reference axes, column beta [95% interval], upper 95% bound",0.0816,scripts/05_cross_encoder_table8.py,results/cross_encoder/cross_encoder.json,/reporting/effect_consistency/same_axis/deberta-v2-xlarge/interval_95/1,"WCB_SEED_BASE, WCB_DRAWS; RERUN_SEED, RERUN_DRAWS (code/replication/seeds.py)",
TAB8-048,Table 8,"Table 8, row DeBERTa-v2-xlarge, reference axes, column p value (Holm p), p value",<0.001,scripts/05_cross_encoder_table8.py,results/cross_encoder/cross_encoder.json,"/families/same_axis (PC1, Holm over 4)/raw/deberta-v2-xlarge","WCB_SEED_BASE, WCB_DRAWS; RERUN_SEED, RERUN_DRAWS (code/replication/seeds.py)",
TAB8-049,Table 8,"Table 8, row DeBERTa-v2-xlarge, reference axes, column p value (Holm p), Holm-adjusted p value",<0.001,scripts/05_cross_encoder_table8.py,results/cross_encoder/cross_encoder.json,"/families/same_axis (PC1, Holm over 4)/holm/deberta-v2-xlarge","WCB_SEED_BASE, WCB_DRAWS; RERUN_SEED, RERUN_DRAWS (code/replication/seeds.py)",
TAB8-050,Table 8,"Table 8, row DeBERTa-v2-xlarge, own components, column beta [95% interval], point estimate",0.0556,scripts/05_cross_encoder_table8.py,results/cross_encoder/cross_encoder.json,/reporting/effect_consistency/same_procedure/deberta-v2-xlarge/coef,"WCB_SEED_BASE, WCB_DRAWS; RERUN_SEED, RERUN_DRAWS (code/replication/seeds.py)",
TAB8-051,Table 8,"Table 8, row DeBERTa-v2-xlarge, own components, column beta [95% interval], lower 95% bound",0.0168,scripts/05_cross_encoder_table8.py,results/cross_encoder/cross_encoder.json,/reporting/effect_consistency/same_procedure/deberta-v2-xlarge/interval_95/0,"WCB_SEED_BASE, WCB_DRAWS; RERUN_SEED, RERUN_DRAWS (code/replication/seeds.py)",
TAB8-052,Table 8,"Table 8, row DeBERTa-v2-xlarge, own components, column beta [95% interval], upper 95% bound",0.0943,scripts/05_cross_encoder_table8.py,results/cross_encoder/cross_encoder.json,/reporting/effect_consistency/same_procedure/deberta-v2-xlarge/interval_95/1,"WCB_SEED_BASE, WCB_DRAWS; RERUN_SEED, RERUN_DRAWS (code/replication/seeds.py)",
TAB8-053,Table 8,"Table 8, row DeBERTa-v2-xlarge, own components, column p value (Holm p), p value",0.008,scripts/05_cross_encoder_table8.py,results/cross_encoder/cross_encoder.json,"/families/same_procedure (PC1, Holm over 4)/raw/deberta-v2-xlarge","WCB_SEED_BASE, WCB_DRAWS; RERUN_SEED, RERUN_DRAWS (code/replication/seeds.py)",
TAB8-054,Table 8,"Table 8, row DeBERTa-v2-xlarge, own components, column p value (Holm p), Holm-adjusted p value",0.024,scripts/05_cross_encoder_table8.py,results/cross_encoder/cross_encoder.json,"/families/same_procedure (PC1, Holm over 4)/holm/deberta-v2-xlarge","WCB_SEED_BASE, WCB_DRAWS; RERUN_SEED, RERUN_DRAWS (code/replication/seeds.py)",
TAB8-055,Table 8,"Table 8, row DeBERTa-v2-xlarge, own components, column verdict, direction threshold",<0.30,(parameter),code/replication/params.py,orientation.primary_threshold,none,orientation threshold (analysis parameter)
TAB8-056,Table 8,"Table 8, note line 1, number of common-support rows","37,808",scripts/05_cross_encoder_table8.py,results/cross_encoder/cross_encoder.json,/reporting/e0_common_support_baseline/rows,"WCB_SEED_BASE, WCB_DRAWS; RERUN_SEED, RERUN_DRAWS (code/replication/seeds.py)",
TAB8-057,Table 8,"Table 8, note line 2, bootstrap replications","1,000",scripts/05_cross_encoder_table8.py,results/cross_encoder/cross_encoder.json,/reporting/rule/mc_B,"WCB_SEED_BASE, WCB_DRAWS; RERUN_SEED, RERUN_DRAWS (code/replication/seeds.py)",
TAB8-058,Table 8,"Table 8, note line 5, direction threshold",<0.30,(parameter),code/replication/params.py,orientation.primary_threshold,none,orientation threshold (analysis parameter)
TAB8-059,Table 8,"Table 8, note line 6, baseline estimate",0.0333,(data bundle),data bundle: original_outputs/wild_cluster_bootstrap_results.json,/comparison/PC1/UK_x_post/coef,none,"the original manuscript's Table 4 PC1 UK x Post coefficient (original results file of the data bundle, full precision)"
TAB9-001,Table 9,"Table 9, panel A, row Singapore theta, column estimate",0.0387,scripts/07_external_control_table9.py,results/external/deberta-v3-base/estimate/summary.json,/rows/0/estimate,"EXTERNAL_SEED, EXTERNAL_VERIFICATION_SEED, EXTERNAL_BLOCK_BOOTSTRAP_DRAWS, EXTERNAL_SIMULATION_REPLICATIONS (code/replication/seeds.py)",
TAB9-002,Table 9,"Table 9, panel A, row Singapore theta, column 95% interval, lower bound",−0.0319,scripts/07_external_control_table9.py,results/external/deberta-v3-base/estimate/summary.json,/rows/0/ci95/0,"EXTERNAL_SEED, EXTERNAL_VERIFICATION_SEED, EXTERNAL_BLOCK_BOOTSTRAP_DRAWS, EXTERNAL_SIMULATION_REPLICATIONS (code/replication/seeds.py)",
TAB9-003,Table 9,"Table 9, panel A, row Singapore theta, column 95% interval, upper bound",0.1092,scripts/07_external_control_table9.py,results/external/deberta-v3-base/estimate/summary.json,/rows/0/ci95/1,"EXTERNAL_SEED, EXTERNAL_VERIFICATION_SEED, EXTERNAL_BLOCK_BOOTSTRAP_DRAWS, EXTERNAL_SIMULATION_REPLICATIONS (code/replication/seeds.py)",
TAB9-004,Table 9,"Table 9, panel A, row Singapore theta, column p value",0.269,scripts/07_external_control_table9.py,results/external/deberta-v3-base/estimate/summary.json,/rows/0/p,"EXTERNAL_SEED, EXTERNAL_VERIFICATION_SEED, EXTERNAL_BLOCK_BOOTSTRAP_DRAWS, EXTERNAL_SIMULATION_REPLICATIONS (code/replication/seeds.py)",
TAB9-005,Table 9,"Table 9, panel A, row Singapore theta, column reading, minimum-detectable-effect threshold (SD)",0.25,scripts/07_external_control_table9.py,results/external/deberta-v3-base/design/mde.json,mde_threshold(/mde/SG/estimands/theta/ref_PC1/tier/text),"EXTERNAL_SEED, EXTERNAL_VERIFICATION_SEED, EXTERNAL_BLOCK_BOOTSTRAP_DRAWS, EXTERNAL_SIMULATION_REPLICATIONS (code/replication/seeds.py)",
TAB9-006,Table 9,"Table 9, panel A, row Singapore delta_UK, column estimate",0.0142,scripts/07_external_control_table9.py,results/external/deberta-v3-base/estimate/summary.json,/rows/6/estimate,"EXTERNAL_SEED, EXTERNAL_VERIFICATION_SEED, EXTERNAL_BLOCK_BOOTSTRAP_DRAWS, EXTERNAL_SIMULATION_REPLICATIONS (code/replication/seeds.py)",
TAB9-007,Table 9,"Table 9, panel A, row Singapore delta_UK, column 95% interval, lower bound",−0.0579,scripts/07_external_control_table9.py,results/external/deberta-v3-base/estimate/summary.json,/rows/6/ci95/0,"EXTERNAL_SEED, EXTERNAL_VERIFICATION_SEED, EXTERNAL_BLOCK_BOOTSTRAP_DRAWS, EXTERNAL_SIMULATION_REPLICATIONS (code/replication/seeds.py)",
TAB9-008,Table 9,"Table 9, panel A, row Singapore delta_UK, column 95% interval, upper bound",0.0864,scripts/07_external_control_table9.py,results/external/deberta-v3-base/estimate/summary.json,/rows/6/ci95/1,"EXTERNAL_SEED, EXTERNAL_VERIFICATION_SEED, EXTERNAL_BLOCK_BOOTSTRAP_DRAWS, EXTERNAL_SIMULATION_REPLICATIONS (code/replication/seeds.py)",
TAB9-009,Table 9,"Table 9, panel A, row Singapore delta_UK, column p value",0.694,scripts/07_external_control_table9.py,results/external/deberta-v3-base/estimate/summary.json,/rows/6/p,"EXTERNAL_SEED, EXTERNAL_VERIFICATION_SEED, EXTERNAL_BLOCK_BOOTSTRAP_DRAWS, EXTERNAL_SIMULATION_REPLICATIONS (code/replication/seeds.py)",
TAB9-010,Table 9,"Table 9, panel A, row Singapore delta_UK, column reading, minimum-detectable-effect threshold (SD)",0.25,scripts/07_external_control_table9.py,results/external/deberta-v3-base/design/mde.json,mde_threshold(/mde/SG/estimands/theta/ref_PC1/tier/text),"EXTERNAL_SEED, EXTERNAL_VERIFICATION_SEED, EXTERNAL_BLOCK_BOOTSTRAP_DRAWS, EXTERNAL_SIMULATION_REPLICATIONS (code/replication/seeds.py)",
TAB9-011,Table 9,"Table 9, panel A, row Singapore delta_US, column estimate",−0.0244,scripts/07_external_control_table9.py,results/external/deberta-v3-base/estimate/summary.json,/rows/12/estimate,"EXTERNAL_SEED, EXTERNAL_VERIFICATION_SEED, EXTERNAL_BLOCK_BOOTSTRAP_DRAWS, EXTERNAL_SIMULATION_REPLICATIONS (code/replication/seeds.py)",
TAB9-012,Table 9,"Table 9, panel A, row Canada theta, column estimate",0.0412,scripts/07_external_control_table9.py,results/external/deberta-v3-base/estimate/summary.json,/rows/54/estimate,"EXTERNAL_SEED, EXTERNAL_VERIFICATION_SEED, EXTERNAL_BLOCK_BOOTSTRAP_DRAWS, EXTERNAL_SIMULATION_REPLICATIONS (code/replication/seeds.py)",
TAB9-013,Table 9,"Table 9, panel A, row Canada theta, column 95% interval, lower bound",−0.0395,scripts/07_external_control_table9.py,results/external/deberta-v3-base/estimate/summary.json,/rows/54/ci95/0,"EXTERNAL_SEED, EXTERNAL_VERIFICATION_SEED, EXTERNAL_BLOCK_BOOTSTRAP_DRAWS, EXTERNAL_SIMULATION_REPLICATIONS (code/replication/seeds.py)",
TAB9-014,Table 9,"Table 9, panel A, row Canada theta, column 95% interval, upper bound",0.1218,scripts/07_external_control_table9.py,results/external/deberta-v3-base/estimate/summary.json,/rows/54/ci95/1,"EXTERNAL_SEED, EXTERNAL_VERIFICATION_SEED, EXTERNAL_BLOCK_BOOTSTRAP_DRAWS, EXTERNAL_SIMULATION_REPLICATIONS (code/replication/seeds.py)",
TAB9-015,Table 9,"Table 9, panel A, row Canada theta, column p value",0.294,scripts/07_external_control_table9.py,results/external/deberta-v3-base/estimate/summary.json,/rows/54/p,"EXTERNAL_SEED, EXTERNAL_VERIFICATION_SEED, EXTERNAL_BLOCK_BOOTSTRAP_DRAWS, EXTERNAL_SIMULATION_REPLICATIONS (code/replication/seeds.py)",
TAB9-016,Table 9,"Table 9, panel A, row Canada delta_UK, column estimate",−0.0294,scripts/07_external_control_table9.py,results/external/deberta-v3-base/estimate/summary.json,/rows/60/estimate,"EXTERNAL_SEED, EXTERNAL_VERIFICATION_SEED, EXTERNAL_BLOCK_BOOTSTRAP_DRAWS, EXTERNAL_SIMULATION_REPLICATIONS (code/replication/seeds.py)",
TAB9-017,Table 9,"Table 9, panel A, row Canada delta_UK, column 95% interval, lower bound",−0.1254,scripts/07_external_control_table9.py,results/external/deberta-v3-base/estimate/summary.json,/rows/60/ci95/0,"EXTERNAL_SEED, EXTERNAL_VERIFICATION_SEED, EXTERNAL_BLOCK_BOOTSTRAP_DRAWS, EXTERNAL_SIMULATION_REPLICATIONS (code/replication/seeds.py)",
TAB9-018,Table 9,"Table 9, panel A, row Canada delta_UK, column 95% interval, upper bound",0.0666,scripts/07_external_control_table9.py,results/external/deberta-v3-base/estimate/summary.json,/rows/60/ci95/1,"EXTERNAL_SEED, EXTERNAL_VERIFICATION_SEED, EXTERNAL_BLOCK_BOOTSTRAP_DRAWS, EXTERNAL_SIMULATION_REPLICATIONS (code/replication/seeds.py)",
TAB9-019,Table 9,"Table 9, panel A, row Canada delta_UK, column p value",0.535,scripts/07_external_control_table9.py,results/external/deberta-v3-base/estimate/summary.json,/rows/60/p,"EXTERNAL_SEED, EXTERNAL_VERIFICATION_SEED, EXTERNAL_BLOCK_BOOTSTRAP_DRAWS, EXTERNAL_SIMULATION_REPLICATIONS (code/replication/seeds.py)",
TAB9-020,Table 9,"Table 9, panel A, row Canada delta_US, column estimate",−0.0706,scripts/07_external_control_table9.py,results/external/deberta-v3-base/estimate/summary.json,/rows/66/estimate,"EXTERNAL_SEED, EXTERNAL_VERIFICATION_SEED, EXTERNAL_BLOCK_BOOTSTRAP_DRAWS, EXTERNAL_SIMULATION_REPLICATIONS (code/replication/seeds.py)",
TAB9-021,Table 9,"Table 9, panel B, row Singapore theta, column estimate, ModernBERT-large",0.0527,scripts/07_external_control_table9.py,results/external/ModernBERT-large/estimate/main.json,/SG/M1/estimands/theta/ref_PC1/estimate,"EXTERNAL_SEED, EXTERNAL_VERIFICATION_SEED, EXTERNAL_BLOCK_BOOTSTRAP_DRAWS, EXTERNAL_SIMULATION_REPLICATIONS (code/replication/seeds.py)",
TAB9-022,Table 9,"Table 9, panel B, row Singapore theta, column estimate, RoBERTa-large",0.0599,scripts/07_external_control_table9.py,results/external/roberta-large/estimate/main.json,/SG/M1/estimands/theta/ref_PC1/estimate,"EXTERNAL_SEED, EXTERNAL_VERIFICATION_SEED, EXTERNAL_BLOCK_BOOTSTRAP_DRAWS, EXTERNAL_SIMULATION_REPLICATIONS (code/replication/seeds.py)",
TAB9-023,Table 9,"Table 9, panel B, row Singapore theta, column estimate, Ettin-encoder-1b",0.0826,scripts/07_external_control_table9.py,results/external/ettin-encoder-1b/estimate/main.json,/SG/M1/estimands/theta/ref_PC1/estimate,"EXTERNAL_SEED, EXTERNAL_VERIFICATION_SEED, EXTERNAL_BLOCK_BOOTSTRAP_DRAWS, EXTERNAL_SIMULATION_REPLICATIONS (code/replication/seeds.py)",
TAB9-024,Table 9,"Table 9, panel B, row Singapore theta, column estimate, DeBERTa-v2-xlarge",0.0646,scripts/07_external_control_table9.py,results/external/deberta-v2-xlarge/estimate/main.json,/SG/M1/estimands/theta/ref_PC1/estimate,"EXTERNAL_SEED, EXTERNAL_VERIFICATION_SEED, EXTERNAL_BLOCK_BOOTSTRAP_DRAWS, EXTERNAL_SIMULATION_REPLICATIONS (code/replication/seeds.py)",
TAB9-025,Table 9,"Table 9, note line 4, minimum-detectable-effect threshold (SD)",0.25,scripts/07_external_control_table9.py,results/external/deberta-v3-base/design/mde.json,mde_threshold(/mde/SG/estimands/theta/ref_PC1/tier/text),"EXTERNAL_SEED, EXTERNAL_VERIFICATION_SEED, EXTERNAL_BLOCK_BOOTSTRAP_DRAWS, EXTERNAL_SIMULATION_REPLICATIONS (code/replication/seeds.py)",
