{
  "method": "Global A Matrix",
  "n_observations": 37866,
  "pca_explained_variance": {
    "PC1": 0.07001904678761461,
    "PC2": 0.05429905714475246,
    "PC3": 0.048570613722067314,
    "PC4": 0.037430109928096054,
    "PC5": 0.03620040094202023,
    "PC6": 0.034670609037344,
    "PC7": 0.030504839361004447,
    "PC8": 0.027204758105809457,
    "PC9": 0.0257329762754534,
    "PC10": 0.024381251685989896
  },
  "y_vector_similarity": {
    "old_method": {
      "US_UK": 0.6934455037117004,
      "US_AU": 0.6613714098930359,
      "UK_AU": 0.8976196050643921
    },
    "global_A": {
      "US_UK": 0.9232646075322927,
      "US_AU": 0.917449937964334,
      "UK_AU": 0.9535238857290409
    }
  },
  "hypothesis_tests": {
    "H1_country_differences": {
      "F_statistic": 83.72489944306521,
      "p_value": 1.1102230246251565e-16,
      "supported": true
    },
    "H2_aukus_effect": {
      "PC1_coef": -0.02459027104410697,
      "PC1_p": 6.570685719964331e-07,
      "PC2_coef": -0.004420927705860252,
      "PC2_p": 0.30984240845518807,
      "PC3_coef": 0.002337599127699655,
      "PC3_p": 0.5688920722179738,
      "supported": true
    },
    "H3_convergence": {
      "pre_aukus_avg_distance": 0.14770559437197525,
      "post_aukus_avg_distance": 0.1759168328490801,
      "percent_change": 19.09964114565554,
      "country_pair_distances": {
        "US_UK": {
          "pre": 0.15045939251982024,
          "post": 0.17036045533600386,
          "change_percent": 13.226866387594926
        },
        "US_AU": {
          "pre": 0.16372446928328274,
          "post": 0.19172832946177154,
          "change_percent": 17.104260774872557
        },
        "UK_AU": {
          "pre": 0.12893292131282272,
          "post": 0.1656617137494649,
          "change_percent": 28.486744938888936
        }
      },
      "conclusion": "divergence"
    }
  },
  "regression_coefficients": {
    "intercept": {
      "PC1_coef": 0.018685863584558992,
      "PC1_se": 0.00292489315057786,
      "PC1_t": 6.388562803009504,
      "PC1_p": 1.6939294411599803e-10,
      "PC2_coef": -0.013312326825137324,
      "PC2_se": 0.0025757283252617396,
      "PC2_t": -5.1683738127873236,
      "PC2_p": 2.3733683351956358e-07,
      "PC3_coef": 0.01943555913872589,
      "PC3_se": 0.0024278799372643854,
      "PC3_t": 8.005156614385518,
      "PC3_p": 1.1102230246251565e-15
    },
    "UK": {
      "PC1_coef": -0.009853118385149717,
      "PC1_se": 0.0050428500611881645,
      "PC1_t": -1.9538789108530796,
      "PC1_p": 0.05072289185119527,
      "PC2_coef": 0.012994020678926662,
      "PC2_se": 0.0044408499982585906,
      "PC2_t": 2.926021073448115,
      "PC2_p": 0.0034353159335933636,
      "PC3_coef": -0.02255061670442888,
      "PC3_se": 0.004185942480590218,
      "PC3_t": -5.387225650852527,
      "PC3_p": 7.19796542369977e-08
    },
    "AU": {
      "PC1_coef": -0.05741544063002947,
      "PC1_se": 0.011944787039804243,
      "PC1_t": -4.806736230516373,
      "PC1_p": 1.5400192168169013e-06,
      "PC2_coef": 0.04171923868035523,
      "PC2_se": 0.010518854786734583,
      "PC2_t": 3.966138855055563,
      "PC2_p": 7.318061602079595e-05,
      "PC3_coef": -0.026311135212200232,
      "PC3_se": 0.009915066060825794,
      "PC3_t": -2.6536520332582496,
      "PC3_p": 0.007965914325609003
    },
    "post_aukus": {
      "PC1_coef": -0.02459027104410697,
      "PC1_se": 0.004943278134279608,
      "PC1_t": -4.974486641482605,
      "PC1_p": 6.570685719964331e-07,
      "PC2_coef": -0.004420927705860252,
      "PC2_se": 0.004353164664355508,
      "PC2_t": -1.0155663860040949,
      "PC2_p": 0.30984240845518807,
      "PC3_coef": 0.002337599127699655,
      "PC3_se": 0.004103290338713418,
      "PC3_t": 0.5696889410054777,
      "PC3_p": 0.5688920722179738
    },
    "UK_x_post": {
      "PC1_coef": 0.01946911387463683,
      "PC1_se": 0.008147251847474153,
      "PC1_t": 2.3896541114870202,
      "PC1_p": 0.016869108719668402,
      "PC2_coef": 0.023092248915490176,
      "PC2_se": 0.007174657765680866,
      "PC2_t": 3.2185854252099997,
      "PC2_p": 0.0012893306695012097,
      "PC3_coef": -0.0710640435712908,
      "PC3_se": 0.006762828002935673,
      "PC3_t": -10.508036510826926,
      "PC3_p": 0.0
    },
    "AU_x_post": {
      "PC1_coef": 0.017625005519939622,
      "PC1_se": 0.013393108995613112,
      "PC1_t": 1.3159756652255021,
      "PC1_p": 0.18819017829152807,
      "PC2_coef": 0.012392996145556001,
      "PC2_se": 0.011794280483888125,
      "PC2_t": 1.0507632205699844,
      "PC2_p": 0.293374058595707,
      "PC3_coef": -0.00672266579346352,
      "PC3_se": 0.01111728153953932,
      "PC3_t": -0.604704105905201,
      "PC3_p": 0.5453792434583713
    }
  },
  "model_fit": {
    "PC1_r2": 0.0041997091868628544,
    "PC2_r2": 0.004190531648985085,
    "PC3_r2": 0.01087938467863736
  }
}