{
  "experiment": "Ablation: Raw U vs Whitened U vs Y=AU",
  "n_samples": 37866,
  "n_bootstrap": 500,
  "results": {
    "raw_U": {
      "anisotropy": {
        "mean_cos": 0.8842015266418457,
        "pc1_ratio": 0.19187306845218494
      },
      "manova_F": 175.85812583185063,
      "pca_variance": [
        0.2080114334821701,
        0.09760211408138275,
        0.07667423784732819
      ],
      "did_UK_x_post": {
        "PC1": {
          "coef": 0.05670545723381122,
          "p_boot": 0.864
        },
        "PC2": {
          "coef": -0.31546323360474865,
          "p_boot": 0.102
        },
        "PC3": {
          "coef": 0.27520345994525824,
          "p_boot": 0.168
        }
      }
    },
    "whitened_U": {
      "anisotropy": {
        "mean_cos": 0.00940866924952623,
        "pc1_ratio": 0.002118467991085799
      },
      "manova_F": 68.68742315002311,
      "pca_variance": [
        0.0013037807304772716,
        0.0013037807304702308,
        0.0013037807304670745
      ],
      "did_UK_x_post": {
        "PC1": {
          "coef": 0.001592362510504864,
          "p_boot": 0.952
        },
        "PC2": {
          "coef": 0.11506822396398719,
          "p_boot": 0.0
        },
        "PC3": {
          "coef": 0.004086661447918464,
          "p_boot": 0.916
        }
      }
    },
    "Y_AU": {
      "anisotropy": {
        "mean_cos": 0.29918642055482325,
        "pc1_ratio": 0.06958332035515699
      },
      "manova_F": 58.60035356297565,
      "pca_variance": [
        0.07001904678761467,
        0.054299057144752444,
        0.04857061372206734
      ],
      "did_UK_x_post": {
        "PC1": {
          "coef": 0.03325522624830503,
          "p_boot": 0.014
        },
        "PC2": {
          "coef": 0.02393840582573186,
          "p_boot": 0.014
        },
        "PC3": {
          "coef": -0.05318109220877759,
          "p_boot": 0.0
        }
      }
    }
  }
}