{
  "method": "PC Regression Verification",
  "description": "验证global_A_regression_results.json中的PC回归系数",
  "n_samples": 37866,
  "pca_explained_variance": {
    "PC1": 0.07001904678761461,
    "PC2": 0.05429905714475246,
    "PC3": 0.048570613722067314
  },
  "regression_coefficients": {
    "intercept": {
      "PC1_coef": 0.018685863584559013,
      "PC1_se": 0.0029248931505778592,
      "PC1_t": 6.3885628030095125,
      "PC1_p": 1.6939294411599803e-10,
      "PC2_coef": -0.01331232682513718,
      "PC2_se": 0.002575728325261739,
      "PC2_t": -5.1683738127872685,
      "PC2_p": 2.3733683351956358e-07,
      "PC3_coef": 0.019435559138725814,
      "PC3_se": 0.0024278799372643846,
      "PC3_t": 8.00515661438549,
      "PC3_p": 1.1102230246251565e-15
    },
    "UK": {
      "PC1_coef": -0.009853118385149741,
      "PC1_se": 0.005042850061188167,
      "PC1_t": -1.9538789108530834,
      "PC1_p": 0.05072289185119483,
      "PC2_coef": 0.012994020678926497,
      "PC2_se": 0.004440849998258593,
      "PC2_t": 2.9260210734480765,
      "PC2_p": 0.0034353159335935857,
      "PC3_coef": -0.022550616704428483,
      "PC3_se": 0.004185942480590219,
      "PC3_t": -5.3872256508524305,
      "PC3_p": 7.19796542369977e-08
    },
    "AU": {
      "PC1_coef": -0.057415440630029305,
      "PC1_se": 0.011944787039804233,
      "PC1_t": -4.806736230516363,
      "PC1_p": 1.5400192168169013e-06,
      "PC2_coef": 0.04171923868035431,
      "PC2_se": 0.010518854786734574,
      "PC2_t": 3.9661388550554793,
      "PC2_p": 7.318061602079595e-05,
      "PC3_coef": -0.02631113521220016,
      "PC3_se": 0.009915066060825786,
      "PC3_t": -2.6536520332582447,
      "PC3_p": 0.007965914325609225
    },
    "post_aukus": {
      "PC1_coef": -0.024590271044106958,
      "PC1_se": 0.004943278134279605,
      "PC1_t": -4.974486641482606,
      "PC1_p": 6.570685719964331e-07,
      "PC2_coef": -0.004420927705860419,
      "PC2_se": 0.004353164664355505,
      "PC2_t": -1.0155663860041337,
      "PC2_p": 0.30984240845516986,
      "PC3_coef": 0.002337599127699613,
      "PC3_se": 0.004103290338713416,
      "PC3_t": 0.5696889410054679,
      "PC3_p": 0.56889207221798
    },
    "UK_x_post": {
      "PC1_coef": 0.019469113874636804,
      "PC1_se": 0.008147251847474153,
      "PC1_t": 2.389654111487017,
      "PC1_p": 0.016869108719668624,
      "PC2_coef": 0.023092248915490353,
      "PC2_se": 0.007174657765680866,
      "PC2_t": 3.218585425210024,
      "PC2_p": 0.0012893306695012097,
      "PC3_coef": -0.07106404357129109,
      "PC3_se": 0.006762828002935672,
      "PC3_t": -10.50803651082697,
      "PC3_p": 0.0
    },
    "AU_x_post": {
      "PC1_coef": 0.01762500551993932,
      "PC1_se": 0.013393108995613105,
      "PC1_t": 1.3159756652254804,
      "PC1_p": 0.18819017829153517,
      "PC2_coef": 0.01239299614555706,
      "PC2_se": 0.011794280483888118,
      "PC2_t": 1.0507632205700748,
      "PC2_p": 0.29337405859566523,
      "PC3_coef": -0.006722665793463444,
      "PC3_se": 0.011117281539539312,
      "PC3_t": -0.6047041059051945,
      "PC3_p": 0.5453792434583757
    }
  },
  "model_fit": {
    "PC1_r2": 0.004199709186862632,
    "PC2_r2": 0.004190531648984974,
    "PC3_r2": 0.01087938467863736
  },
  "verification": {
    "matches": [
      {
        "variable": "UK",
        "pc": "PC1",
        "original": -0.009853118385149717,
        "computed": -0.009853118385149741,
        "diff": 2.42861286636753e-17,
        "rel_diff": 2.464816488988757e-15,
        "match": true
      },
      {
        "variable": "UK",
        "pc": "PC2",
        "original": 0.012994020678926662,
        "computed": 0.012994020678926497,
        "diff": 1.6479873021779667e-16,
        "rel_diff": 1.268265876204604e-14,
        "match": true
      },
      {
        "variable": "UK",
        "pc": "PC3",
        "original": -0.02255061670442888,
        "computed": -0.022550616704428483,
        "diff": 3.95516952522712e-16,
        "rel_diff": 1.753907477151317e-14,
        "match": true
      },
      {
        "variable": "AU",
        "pc": "PC1",
        "original": -0.05741544063002947,
        "computed": -0.057415440630029305,
        "diff": 1.6653345369377348e-16,
        "rel_diff": 2.9004994452080023e-15,
        "match": true
      },
      {
        "variable": "AU",
        "pc": "PC2",
        "original": 0.04171923868035523,
        "computed": 0.04171923868035431,
        "diff": 9.159339953157541e-16,
        "rel_diff": 2.1954715001715732e-14,
        "match": true
      },
      {
        "variable": "AU",
        "pc": "PC3",
        "original": -0.026311135212200232,
        "computed": -0.02631113521220016,
        "diff": 7.28583859910259e-17,
        "rel_diff": 2.7691084175357867e-15,
        "match": true
      },
      {
        "variable": "post_aukus",
        "pc": "PC1",
        "original": -0.02459027104410697,
        "computed": -0.024590271044106958,
        "diff": 1.0408340855860843e-17,
        "rel_diff": 4.232706844585672e-16,
        "match": true
      },
      {
        "variable": "post_aukus",
        "pc": "PC2",
        "original": -0.004420927705860252,
        "computed": -0.004420927705860419,
        "diff": 1.6653345369377348e-16,
        "rel_diff": 3.766934561563213e-14,
        "match": true
      },
      {
        "variable": "post_aukus",
        "pc": "PC3",
        "original": 0.002337599127699655,
        "computed": 0.002337599127699613,
        "diff": 4.206704429243757e-17,
        "rel_diff": 1.799583332914493e-14,
        "match": true
      },
      {
        "variable": "UK_x_post",
        "pc": "PC1",
        "original": 0.01946911387463683,
        "computed": 0.019469113874636804,
        "diff": 2.7755575615628914e-17,
        "rel_diff": 1.4256208985344309e-15,
        "match": true
      },
      {
        "variable": "UK_x_post",
        "pc": "PC2",
        "original": 0.023092248915490176,
        "computed": 0.023092248915490353,
        "diff": 1.7694179454963432e-16,
        "rel_diff": 7.662389020540246e-15,
        "match": true
      },
      {
        "variable": "UK_x_post",
        "pc": "PC3",
        "original": -0.0710640435712908,
        "computed": -0.07106404357129109,
        "diff": 2.914335439641036e-16,
        "rel_diff": 4.10099861080576e-15,
        "match": true
      },
      {
        "variable": "AU_x_post",
        "pc": "PC1",
        "original": 0.017625005519939622,
        "computed": 0.01762500551993932,
        "diff": 3.0184188481996443e-16,
        "rel_diff": 1.7125775335416657e-14,
        "match": true
      },
      {
        "variable": "AU_x_post",
        "pc": "PC2",
        "original": 0.012392996145556001,
        "computed": 0.01239299614555706,
        "diff": 1.0581813203458523e-15,
        "rel_diff": 8.538543124822201e-14,
        "match": true
      },
      {
        "variable": "AU_x_post",
        "pc": "PC3",
        "original": -0.00672266579346352,
        "computed": -0.006722665793463444,
        "diff": 7.546047120499111e-17,
        "rel_diff": 1.1224783965664586e-14,
        "match": true
      }
    ],
    "mismatches": []
  }
}