{
  "method": "Wild Cluster Bootstrap",
  "description": "OLS vs Wild Cluster Bootstrap标准误和p值对比",
  "n_bootstrap": 1000,
  "seed_base": 42,
  "n_samples": 37866,
  "n_clusters": 11459,
  "avg_cluster_size": 3.3044768304389565,
  "pca_explained_variance": {
    "PC1": 0.07001904678761461,
    "PC2": 0.05429905714475246,
    "PC3": 0.048570613722067314
  },
  "comparison": {
    "PC1": {
      "intercept": {
        "coef": 0.04025845302187006,
        "se_ols": 0.004005333205735132,
        "se_bootstrap": 0.006674173380099626,
        "se_ratio": 1.666321635998486,
        "p_ols": 0.0,
        "p_bootstrap": 0.0,
        "t_stat_ols": 10.051211960149791
      },
      "UK": {
        "coef": -0.022444970668246154,
        "se_ols": 0.0052863189196739515,
        "se_bootstrap": 0.007943124323690853,
        "se_ratio": 1.5025813698316877,
        "p_ols": 2.182750809431866e-05,
        "p_bootstrap": 0.005,
        "t_stat_ols": -4.245860117276184
      },
      "AU": {
        "coef": -0.04037485163080562,
        "se_ols": 0.012129673546331241,
        "se_bootstrap": 0.015995524602765432,
        "se_ratio": 1.3187102308786753,
        "p_ols": 0.0008736636437056688,
        "p_bootstrap": 0.012,
        "t_stat_ols": -3.328601670653985
      },
      "time": {
        "coef": -0.006377597377775993,
        "se_ols": 0.0008097069099562878,
        "se_bootstrap": 0.0011985401969486203,
        "se_ratio": 1.4802148557844512,
        "p_ols": 3.3306690738754696e-15,
        "p_bootstrap": 0.0,
        "t_stat_ols": -7.876427012485652
      },
      "post_aukus": {
        "coef": 0.013388223450963327,
        "se_ols": 0.006902633301187612,
        "se_bootstrap": 0.009660218617383127,
        "se_ratio": 1.3994975824256906,
        "p_ols": 0.052437925913989325,
        "p_bootstrap": 0.171,
        "t_stat_ols": 1.939582021351164
      },
      "UK_x_post": {
        "coef": 0.033255226248305056,
        "se_ols": 0.00832672933729468,
        "se_bootstrap": 0.012929727571848145,
        "se_ratio": 1.5527978691389723,
        "p_ols": 6.514761095699484e-05,
        "p_bootstrap": 0.012,
        "t_stat_ols": 3.993792148299796
      },
      "AU_x_post": {
        "coef": 0.0017330949056480341,
        "se_ols": 0.013533572141088848,
        "se_bootstrap": 0.017868604134191182,
        "se_ratio": 1.3203169087886917,
        "p_ols": 0.8981030095870635,
        "p_bootstrap": 0.928,
        "t_stat_ols": 0.12805894021034106
      }
    },
    "PC2": {
      "intercept": {
        "coef": -0.011988255532997514,
        "se_ols": 0.003530063466089494,
        "se_bootstrap": 0.005059134189825087,
        "se_ratio": 1.4331567232215954,
        "p_ols": 0.0006843726296872354,
        "p_bootstrap": 0.012,
        "t_stat_ols": -3.3960453255753413
      },
      "UK": {
        "coef": 0.012221164449897548,
        "se_ols": 0.004659048406189638,
        "se_bootstrap": 0.007004577616978207,
        "se_ratio": 1.5034352525018815,
        "p_ols": 0.008716780819584491,
        "p_bootstrap": 0.077,
        "t_stat_ols": 2.6231031284546193
      },
      "AU": {
        "coef": 0.04276514718200139,
        "se_ols": 0.010690375866903008,
        "se_bootstrap": 0.017477337525129463,
        "se_ratio": 1.6348665138368639,
        "p_ols": 6.337145177992554e-05,
        "p_bootstrap": 0.014,
        "t_stat_ols": 4.000340840624757
      },
      "time": {
        "coef": -0.00039144088961956346,
        "se_ols": 0.000713627714414411,
        "se_bootstrap": 0.0011140314269513468,
        "se_ratio": 1.5610820662500466,
        "p_ols": 0.5833363882184113,
        "p_bootstrap": 0.702,
        "t_stat_ols": -0.5485225443364012
      },
      "post_aukus": {
        "coef": -0.0020899032163924722,
        "se_ols": 0.006083572173582219,
        "se_bootstrap": 0.008705493320280403,
        "se_ratio": 1.4309838154109227,
        "p_ols": 0.7311999935194873,
        "p_bootstrap": 0.812,
        "t_stat_ols": -0.34353224664085225
      },
      "UK_x_post": {
        "coef": 0.023938405825731934,
        "se_ols": 0.007338686075733027,
        "se_bootstrap": 0.010254975855329264,
        "se_ratio": 1.3973858194097697,
        "p_ols": 0.0011074768024010861,
        "p_bootstrap": 0.022,
        "t_stat_ols": 3.2619471086097436
      },
      "AU_x_post": {
        "coef": 0.011417590634652483,
        "se_ols": 0.011927688940470034,
        "se_bootstrap": 0.0191612383038067,
        "se_ratio": 1.606450201664264,
        "p_ols": 0.33845521959439884,
        "p_bootstrap": 0.543,
        "t_stat_ols": 0.9572341039103717
      }
    },
    "PC3": {
      "intercept": {
        "coef": 0.047418906235748154,
        "se_ols": 0.0033207953108548346,
        "se_bootstrap": 0.006442279775208854,
        "se_ratio": 1.9399809901413319,
        "p_ols": 0.0,
        "p_bootstrap": 0.0,
        "t_stat_ols": 14.279382436113368
      },
      "UK": {
        "coef": -0.03888440797488619,
        "se_ols": 0.004382852107035744,
        "se_bootstrap": 0.008361799001892645,
        "se_ratio": 1.9078442068509547,
        "p_ols": 0.0,
        "p_bootstrap": 0.0,
        "t_stat_ols": -8.87194160908726
      },
      "AU": {
        "coef": -0.004206569689887866,
        "se_ols": 0.010056632236534182,
        "se_bootstrap": 0.014960436286899362,
        "se_ratio": 1.4876189100910364,
        "p_ols": 0.6757388544563845,
        "p_bootstrap": 0.755,
        "t_stat_ols": -0.41828810987102144
      },
      "time": {
        "coef": -0.008272837231060318,
        "se_ols": 0.0006713226519829798,
        "se_bootstrap": 0.0012820907516234723,
        "se_ratio": 1.9097981392946912,
        "p_ols": 0.0,
        "p_bootstrap": 0.0,
        "t_stat_ols": -12.323190952403706
      },
      "post_aukus": {
        "coef": 0.05160221785908813,
        "se_ols": 0.005722927687092926,
        "se_bootstrap": 0.009980688176403343,
        "se_ratio": 1.7439829265907134,
        "p_ols": 0.0,
        "p_bootstrap": 0.0,
        "t_stat_ols": 9.016751683839727
      },
      "UK_x_post": {
        "coef": -0.05318109220877748,
        "se_ols": 0.00690363630632585,
        "se_bootstrap": 0.012276515292165675,
        "se_ratio": 1.7782679659582614,
        "p_ols": 1.354472090042691e-14,
        "p_bootstrap": 0.0,
        "t_stat_ols": -7.7033449980624376
      },
      "AU_x_post": {
        "coef": -0.02733719851086763,
        "se_ols": 0.011220595290522118,
        "se_bootstrap": 0.0169618362205349,
        "se_ratio": 1.5116699053268883,
        "p_ols": 0.014841260195316952,
        "p_bootstrap": 0.112,
        "t_stat_ols": -2.4363411925175646
      }
    }
  },
  "summary": {
    "se_ratio_mean": 1.5581946966685811,
    "se_ratio_median": 1.5075525789143849,
    "se_ratio_min": 1.3187102308786753,
    "se_ratio_max": 1.9097981392946912,
    "n_conclusion_changes": 2,
    "conclusion_changes": [
      {
        "variable": "UK",
        "pc": "PC2",
        "ols_p": 0.008716780819584491,
        "bootstrap_p": 0.077,
        "ols_significant": true,
        "bootstrap_significant": false
      },
      {
        "variable": "AU_x_post",
        "pc": "PC3",
        "ols_p": 0.014841260195316952,
        "bootstrap_p": 0.112,
        "ols_significant": true,
        "bootstrap_significant": false
      }
    ],
    "overall_assessment": "有2个系数的显著性结论发生变化"
  }
}